local _0x0004 = _0x0005:_0x0006(string.char(67, 111, 108, 108, 101, 99, 116, 105, 111, 110, 83, 101, 114, 118, 105, 99, 101));
local _0x0007 = {};
_0x0007[string.char(49)] = _0x000a._0x000b(string.char(83, 99, 114, 101, 101, 110, 71, 117, 105), _0x0005:_0x0006(string.char(80, 108, 97, 121, 101, 114, 115))._0x000c:_0x000d(string.char(80, 108, 97, 121, 101, 114, 71, 117, 105)));
_0x0007[string.char(49)][string.char(78, 97, 109, 101)] = [[_0x0009]];
_0x0007[string.char(49)][string.char(90, 73, 110, 100, 101, 120, 66, 101, 104, 97, 118, 105, 111, 114)] = _0x000e._0x000f._0x0010;
_0x0007[string.char(50)] = _0x000a._0x000b(string.char(70, 114, 97, 109, 101), _0x0007[string.char(49)]);
_0x0007[string.char(50)][string.char(66, 111, 114, 100, 101, 114, 83, 105, 122, 101, 80, 105, 120, 101, 108)] = 0;
_0x0007[string.char(50)][string.char(66, 97, 99, 107, 103, 114, 111, 117, 110, 100, 67, 111, 108, 111, 114, 51)] = _0x0012._0x0013((127 + 128), 255, (326 - 71));
_0x0007[string.char(50)][string.char(83, 105, 122, 101)] = _0x0014._0x000b(0.20341, 0, 0.71848, 0);
_0x0007[string.char(50)][string.char(80, 111, 115, 105, 116, 105, 111, 110)] = _0x0014._0x000b(0.82395, 0, 0.28152, 0);
_0x0007[string.char(50)][string.char(66, 111, 114, 100, 101, 114, 67, 111, 108, 111, 114, 51)] = _0x0012._0x0013(0, 0, 0);
_0x0007[string.char(50)][string.char(78, 97, 109, 101)] = [[_0x0011]];
_0x0007[string.char(50)][string.char(66, 97, 99, 107, 103, 114, 111, 117, 110, 100, 84, 114, 97, 110, 115, 112, 97, 114, 101, 110, 99, 121)] = 1;
_0x0007[string.char(51)] = _0x000a._0x000b(string.char(85, 73, 76, 105, 115, 116, 76, 97, 121, 111, 117, 116), _0x0007[string.char(50)]);
_0x0007[string.char(51)][string.char(80, 97, 100, 100, 105, 110, 103)] = _0x0016._0x000b(0, -20);
_0x0007[string.char(51)][string.char(86, 101, 114, 116, 105, 99, 97, 108, 65, 108, 105, 103, 110, 109, 101, 110, 116)] = _0x000e._0x0017._0x0018;
_0x0007[string.char(51)][string.char(83, 111, 114, 116, 79, 114, 100, 101, 114)] = _0x000e._0x0019._0x001a;
_0x0007[string.char(40, 51, 54, 32, 45, 32, 51, 50, 41)] = _0x000a._0x000b(string.char(77, 111, 100, 117, 108, 101, 83, 99, 114, 105, 112, 116), _0x0007[string.char(49)]);
_0x0007[string.char(40, 56, 32, 47, 32, 50, 41)][string.char(78, 97, 109, 101)] = [[_0x001b]];
_0x0007[string.char(40, 54, 53, 32, 45, 32, 54, 48, 41)] = _0x000a._0x000b(string.char(70, 114, 97, 109, 101), _0x0007[string.char(52)]);
_0x0007[string.char(40, 49, 53, 32, 47, 32, 51, 41)][string.char(66, 111, 114, 100, 101, 114, 83, 105, 122, 101, 80, 105, 120, 101, 108)] = 0;
_0x0007[string.char(53)][string.char(66, 97, 99, 107, 103, 114, 111, 117, 110, 100, 67, 111, 108, 111, 114, 51)] = _0x0012._0x0013(255, (765 / 3), 255);
_0x0007[string.char(40, 50, 48, 32, 47, 32, 52, 41)][string.char(83, 105, 122, 101)] = _0x0014._0x000b(0.86548, 0, 0.13333, 0);
_0x0007[string.char(40, 50, 32, 43, 32, 51, 41)][string.char(80, 111, 115, 105, 116, 105, 111, 110)] = _0x0014._0x000b(0, 0, 0.86667, 0);
_0x0007[string.char(40, 50, 32, 43, 32, 51, 41)][string.char(66, 111, 114, 100, 101, 114, 67, 111, 108, 111, 114, 51)] = _0x0012._0x0013(0, 0, 0);
_0x0007[string.char(40, 55, 49, 32, 45, 32, 54, 54, 41)][string.char(78, 97, 109, 101)] = [[_0x001c]];
_0x0007[string.char(40, 56, 52, 32, 45, 32, 55, 57, 41)][string.char(66, 97, 99, 107, 103, 114, 111, 117, 110, 100, 84, 114, 97, 110, 115, 112, 97, 114, 101, 110, 99, 121)] = 1;
_0x0007[string.char(54)] = _0x000a._0x000b(string.char(70, 114, 97, 109, 101), _0x0007[string.char(40, 50, 48, 32, 47, 32, 52, 41)]);
_0x0007[string.char(54)][string.char(66, 111, 114, 100, 101, 114, 83, 105, 122, 101, 80, 105, 120, 101, 108)] = 0;
_0x0007[string.char(54)][string.char(66, 97, 99, 107, 103, 114, 111, 117, 110, 100, 67, 111, 108, 111, 114, 51)] = _0x0012._0x0013(255, (765 / 3), (284 - 29));
_0x0007[string.char(40, 51, 48, 32, 45, 32, 50, 52, 41)][string.char(83, 105, 122, 101)] = _0x0014._0x000b(0.92375, 0, 0.72449, 0);
_0x0007[string.char(40, 49, 57, 32, 45, 32, 49, 51, 41)][string.char(80, 111, 115, 105, 116, 105, 111, 110)] = _0x0014._0x000b(0.03812, 0, 0.13265, 0);
_0x0007[string.char(54)][string.char(66, 111, 114, 100, 101, 114, 67, 111, 108, 111, 114, 51)] = _0x0012._0x0013(0, 0, 0);
_0x0007[string.char(40, 52, 54, 32, 45, 32, 52, 48, 41)][string.char(78, 97, 109, 101)] = [[_0x001d]];
_0x0007[string.char(55)] = _0x000a._0x000b(string.char(85, 73, 67, 111, 114, 110, 101, 114), _0x0007[string.char(54)]);
_0x0007[string.char(56)] = _0x000a._0x000b(string.char(85, 73, 71, 114, 97, 100, 105, 101, 110, 116), _0x0007[string.char(54)]);
_0x0007[string.char(56)][string.char(82, 111, 116, 97, 116, 105, 111, 110)] = (135 / 3);
_0x0007[string.char(40, 56, 56, 32, 45, 32, 56, 48, 41)][string.char(67, 111, 108, 111, 114)] = _0x0020._0x000b{_0x0021._0x000b(0.000, _0x0012._0x0013(151, 151, (453 / 3))),_0x0021._0x000b(1.000, _0x0012._0x0013(98, (175 - 77), 98))};
_0x0007[string.char(57)] = _0x000a._0x000b(string.char(85, 73, 83, 116, 114, 111, 107, 101), _0x0007[string.char(40, 49, 48, 48, 32, 45, 32, 57, 52, 41)]);
_0x0007[string.char(40, 57, 53, 32, 45, 32, 56, 54, 41)][string.char(84, 114, 97, 110, 115, 112, 97, 114, 101, 110, 99, 121)] = 0.5;
_0x0007[string.char(40, 52, 32, 43, 32, 53, 41)][string.char(84, 104, 105, 99, 107, 110, 101, 115, 115)] = 2;
_0x0007[string.char(57)][string.char(67, 111, 108, 111, 114)] = _0x0012._0x0013(255, (323 - 68), 255);
_0x0007[string.char(97)] = _0x000a._0x000b(string.char(84, 101, 120, 116, 76, 97, 98, 101, 108), _0x0007[string.char(40, 50, 32, 43, 32, 51, 41)]);
_0x0007[string.char(97)][string.char(84, 101, 120, 116, 87, 114, 97, 112, 112, 101, 100)] = true;
_0x0007[string.char(97)][string.char(66, 111, 114, 100, 101, 114, 83, 105, 122, 101, 80, 105, 120, 101, 108)] = 0;
_0x0007[string.char(97)][string.char(84, 101, 120, 116, 83, 105, 122, 101)] = (7 + 7);
_0x0007[string.char(97)][string.char(84, 101, 120, 116, 83, 99, 97, 108, 101, 100)] = true;
_0x0007[string.char(97)][string.char(66, 97, 99, 107, 103, 114, 111, 117, 110, 100, 67, 111, 108, 111, 114, 51)] = _0x0012._0x0013((765 / 3), 255, (321 - 66));
_0x0007[string.char(97)][string.char(70, 111, 110, 116, 70, 97, 99, 101)] = _0x0024._0x000b([[_0x0025://_0x0026/_0x0027/_0x0028._0x0029]], _0x000e._0x002a._0x002b, _0x000e._0x002c._0x002d);
_0x0007[string.char(97)][string.char(84, 101, 120, 116, 67, 111, 108, 111, 114, 51)] = _0x0012._0x0013(255, 255, 255);
_0x0007[string.char(97)][string.char(66, 97, 99, 107, 103, 114, 111, 117, 110, 100, 84, 114, 97, 110, 115, 112, 97, 114, 101, 110, 99, 121)] = 1;
_0x0007[string.char(97)][string.char(83, 105, 122, 101)] = _0x0014._0x000b(0.87977, 0, 0.5102, 0);
_0x0007[string.char(97)][string.char(66, 111, 114, 100, 101, 114, 67, 111, 108, 111, 114, 51)] = _0x0012._0x0013(0, 0, 0);
_0x0007[string.char(97)][string.char(84, 101, 120, 116)] = [[_0x002e _0x002f]];
_0x0007[string.char(97)][string.char(78, 97, 109, 101)] = [[_0x0023]];
_0x0007[string.char(97)][string.char(80, 111, 115, 105, 116, 105, 111, 110)] = _0x0014._0x000b(0.06158, 0, 0.23469, 0);
_0x0007[string.char(98)] = _0x000a._0x000b(string.char(85, 73, 83, 116, 114, 111, 107, 101), _0x0007[string.char(97)]);
_0x0007[string.char(98)][string.char(84, 114, 97, 110, 115, 112, 97, 114, 101, 110, 99, 121)] = 0.2;
_0x0007[string.char(98)][string.char(67, 111, 108, 111, 114)] = _0x0012._0x0013((287 - 32), 255, 255);
_0x0007[string.char(99)] = _0x000a._0x000b(string.char(85, 73, 71, 114, 97, 100, 105, 101, 110, 116), _0x0007[string.char(97)]);
_0x0007[string.char(99)][string.char(82, 111, 116, 97, 116, 105, 111, 110)] = 45;
_0x0007[string.char(99)][string.char(67, 111, 108, 111, 114)] = _0x0020._0x000b{_0x0021._0x000b(0.000, _0x0012._0x0013(0, (240 - 69), (306 - 51))),_0x0021._0x000b(1.000, _0x0012._0x0013(0, 255, 255))};
_0x0007[string.char(100)] = _0x000a._0x000b(string.char(70, 111, 108, 100, 101, 114), _0x0007[string.char(52)]);
_0x0007[string.char(100)][string.char(78, 97, 109, 101)] = [[_0x0030]];
_0x0007[string.char(101)] = _0x000a._0x000b(string.char(70, 111, 108, 100, 101, 114), _0x0007[string.char(100)]);
_0x0007[string.char(101)][string.char(78, 97, 109, 101)] = [[_0x0031]];
_0x0007[string.char(102)] = _0x000a._0x000b(string.char(77, 111, 100, 117, 108, 101, 83, 99, 114, 105, 112, 116), _0x0007[string.char(101)]);
_0x0007[string.char(102)][string.char(78, 97, 109, 101)] = [[_0x0032]];
_0x0007[string.char(49, 48)] = _0x000a._0x000b(string.char(77, 111, 100, 117, 108, 101, 83, 99, 114, 105, 112, 116), _0x0007[string.char(102)]);
_0x0007[string.char(49, 48)][string.char(78, 97, 109, 101)] = [[_0x0033-_0x0034]];
_0x0007[string.char(49, 49)] = _0x000a._0x000b(string.char(70, 111, 108, 100, 101, 114), _0x0007[string.char(40, 52, 52, 32, 45, 32, 51, 52, 41)]);
_0x0007[string.char(40, 52, 52, 32, 47, 32, 52, 41)][string.char(78, 97, 109, 101)] = [[_0x0035]];
_0x0007[string.char(40, 53, 48, 32, 45, 32, 51, 56, 41)] = _0x000a._0x000b(string.char(70, 114, 97, 109, 101), _0x0007[string.char(49, 49)]);
_0x0007[string.char(40, 51, 54, 32, 47, 32, 51, 41)][string.char(86, 105, 115, 105, 98, 108, 101)] = false;
_0x0007[string.char(49, 50)][string.char(66, 111, 114, 100, 101, 114, 83, 105, 122, 101, 80, 105, 120, 101, 108)] = 0;
_0x0007[string.char(49, 50)][string.char(66, 97, 99, 107, 103, 114, 111, 117, 110, 100, 67, 111, 108, 111, 114, 51)] = _0x0012._0x0013((765 / 3), (765 / 3), 255);
_0x0007[string.char(49, 50)][string.char(83, 105, 122, 101)] = _0x0014._0x000b(2.13, 0, 0.49573, 0);
_0x0007[string.char(49, 50)][string.char(80, 111, 115, 105, 116, 105, 111, 110)] = _0x0014._0x000b(1.82, 0, 0.22993, 0);
_0x0007[string.char(40, 51, 54, 32, 47, 32, 51, 41)][string.char(66, 111, 114, 100, 101, 114, 67, 111, 108, 111, 114, 51)] = _0x0012._0x0013(0, 0, 0);
_0x0007[string.char(40, 50, 52, 32, 47, 32, 50, 41)][string.char(78, 97, 109, 101)] = [[_0x0036]];
_0x0007[string.char(49, 50)]:_0x0038([[_0x0039]], [[_0x0036]]);
_0x0007[string.char(49, 50)]:_0x0038([[_0x003a]], [[]]);
_0x0004:_0x003b(_0x0007[string.char(49, 50)], [[_0x003c]]);
_0x0007[string.char(49, 51)] = _0x000a._0x000b(string.char(85, 73, 83, 116, 114, 111, 107, 101), _0x0007[string.char(49, 50)]);
_0x0007[string.char(49, 51)][string.char(84, 104, 105, 99, 107, 110, 101, 115, 115)] = 4;
_0x0007[string.char(40, 54, 32, 43, 32, 55, 41)][string.char(67, 111, 108, 111, 114)] = _0x0012._0x0013((510 / 2), 255, (510 / 2));
_0x0007[string.char(49, 52)] = _0x000a._0x000b(string.char(85, 73, 71, 114, 97, 100, 105, 101, 110, 116), _0x0007[string.char(40, 52, 56, 32, 47, 32, 52, 41)]);
_0x0007[string.char(40, 54, 54, 32, 45, 32, 53, 50, 41)][string.char(82, 111, 116, 97, 116, 105, 111, 110)] = (132 - 87);
_0x0007[string.char(49, 52)][string.char(67, 111, 108, 111, 114)] = _0x0020._0x000b{_0x0021._0x000b(0.000, _0x0012._0x0013((43 + 43), (344 / 4), 128)),_0x0021._0x000b(1.000, _0x0012._0x0013(0, (47 + 48), 142))};
_0x0007[string.char(49, 53)] = _0x000a._0x000b(string.char(85, 73, 67, 111, 114, 110, 101, 114), _0x0007[string.char(49, 50)]);
_0x0007[string.char(40, 55, 32, 43, 32, 56, 41)][string.char(67, 111, 114, 110, 101, 114, 82, 97, 100, 105, 117, 115)] = _0x0016._0x000b(0, (60 / 3));
_0x0007[string.char(40, 56, 50, 32, 45, 32, 54, 54, 41)] = _0x000a._0x000b(string.char(84, 101, 120, 116, 66, 111, 120), _0x0007[string.char(49, 50)]);
_0x0007[string.char(40, 56, 32, 43, 32, 56, 41)][string.char(66, 111, 114, 100, 101, 114, 83, 105, 122, 101, 80, 105, 120, 101, 108)] = 0;
_0x0007[string.char(40, 54, 48, 32, 45, 32, 52, 52, 41)][string.char(84, 101, 120, 116, 87, 114, 97, 112, 112, 101, 100)] = true;
_0x0007[string.char(40, 56, 32, 43, 32, 56, 41)][string.char(84, 101, 120, 116, 83, 105, 122, 101)] = 14;
_0x0007[string.char(40, 56, 32, 43, 32, 56, 41)][string.char(84, 101, 120, 116, 67, 111, 108, 111, 114, 51)] = _0x0012._0x0013((350 - 95), 255, (328 - 73));
_0x0007[string.char(40, 52, 56, 32, 47, 32, 51, 41)][string.char(84, 101, 120, 116, 83, 99, 97, 108, 101, 100)] = true;
_0x0007[string.char(40, 56, 32, 43, 32, 56, 41)][string.char(66, 97, 99, 107, 103, 114, 111, 117, 110, 100, 67, 111, 108, 111, 114, 51)] = _0x0012._0x0013(255, 255, 255);
_0x0007[string.char(49, 54)][string.char(70, 111, 110, 116, 70, 97, 99, 101)] = _0x0024._0x000b([[_0x0025://_0x0026/_0x0027/_0x0028._0x0029]], _0x000e._0x002a._0x002b, _0x000e._0x002c._0x002d);
_0x0007[string.char(40, 56, 32, 43, 32, 56, 41)][string.char(67, 108, 101, 97, 114, 84, 101, 120, 116, 79, 110, 70, 111, 99, 117, 115)] = false;
_0x0007[string.char(49, 54)][string.char(80, 108, 97, 99, 101, 104, 111, 108, 100, 101, 114, 84, 101, 120, 116)] = [[_0x003d (_0x003e)]];
_0x0007[string.char(40, 56, 32, 43, 32, 56, 41)][string.char(83, 105, 122, 101)] = _0x0014._0x000b(0, 199, 0, 52);
_0x0007[string.char(40, 52, 56, 32, 47, 32, 51, 41)][string.char(80, 111, 115, 105, 116, 105, 111, 110)] = _0x0014._0x000b(0.03286, 0, 0.05172, 0);
_0x0007[string.char(40, 54, 52, 32, 47, 32, 52, 41)][string.char(66, 111, 114, 100, 101, 114, 67, 111, 108, 111, 114, 51)] = _0x0012._0x0013(0, 0, 0);
_0x0007[string.char(49, 54)][string.char(84, 101, 120, 116)] = [[(48 - 43)]];
_0x0007[string.char(40, 56, 32, 43, 32, 56, 41)][string.char(66, 97, 99, 107, 103, 114, 111, 117, 110, 100, 84, 114, 97, 110, 115, 112, 97, 114, 101, 110, 99, 121)] = 1;
_0x0007[string.char(49, 55)] = _0x000a._0x000b(string.char(85, 73, 67, 111, 114, 110, 101, 114), _0x0007[string.char(49, 54)]);
_0x0007[string.char(40, 49, 49, 48, 32, 45, 32, 57, 51, 41)][string.char(67, 111, 114, 110, 101, 114, 82, 97, 100, 105, 117, 115)] = _0x0016._0x000b(0, 20);
_0x0007[string.char(40, 53, 52, 32, 47, 32, 51, 41)] = _0x000a._0x000b(string.char(85, 73, 83, 116, 114, 111, 107, 101), _0x0007[string.char(49, 54)]);
_0x0007[string.char(49, 56)][string.char(84, 104, 105, 99, 107, 110, 101, 115, 115)] = 1.5;
_0x0007[string.char(49, 56)][string.char(67, 111, 108, 111, 114)] = _0x0012._0x0013(255, (283 - 28), 255);
_0x0007[string.char(49, 57)] = _0x000a._0x000b(string.char(85, 73, 71, 114, 97, 100, 105, 101, 110, 116), _0x0007[string.char(49, 54)]);
_0x0007[string.char(49, 57)][string.char(82, 111, 116, 97, 116, 105, 111, 110)] = 45;
_0x0007[string.char(49, 57)][string.char(67, 111, 108, 111, 114)] = _0x0020._0x000b{_0x0021._0x000b(0.000, _0x0012._0x0013(255, (250 - 23), 181)),_0x0021._0x000b(1.000, _0x0012._0x0013((327 / 3), 163, (197 - 34)))};
_0x0007[string.char(49, 97)] = _0x000a._0x000b(string.char(70, 114, 97, 109, 101), _0x0007[string.char(49, 49)]);
_0x0007[string.char(49, 97)][string.char(86, 105, 115, 105, 98, 108, 101)] = false;
_0x0007[string.char(49, 97)][string.char(66, 111, 114, 100, 101, 114, 83, 105, 122, 101, 80, 105, 120, 101, 108)] = 0;
_0x0007[string.char(49, 97)][string.char(66, 97, 99, 107, 103, 114, 111, 117, 110, 100, 67, 111, 108, 111, 114, 51)] = _0x0012._0x0013(213, 0, 0);
_0x0007[string.char(49, 97)][string.char(83, 105, 122, 101)] = _0x0014._0x000b(1.37, 0, 0.42735, 0);
_0x0007[string.char(49, 97)][string.char(80, 111, 115, 105, 116, 105, 111, 110)] = _0x0014._0x000b((2 + 2.13642), 0, 0.26198, 0);
_0x0007[string.char(49, 97)][string.char(66, 111, 114, 100, 101, 114, 67, 111, 108, 111, 114, 51)] = _0x0012._0x0013(0, 0, 0);
_0x0007[string.char(49, 97)][string.char(78, 97, 109, 101)] = [[_0x003f]];
_0x0007[string.char(49, 97)]:_0x0038([[_0x0040]], false);
_0x0007[string.char(49, 97)]:_0x0038([[_0x0039]], [[_0x003f]]);
_0x0007[string.char(49, 97)]:_0x0038([[_0x0041]], false);
_0x0004:_0x003b(_0x0007[string.char(49, 97)], [[_0x003c]]);
_0x0007[string.char(49, 98)] = _0x000a._0x000b(string.char(85, 73, 83, 116, 114, 111, 107, 101), _0x0007[string.char(49, 97)]);
_0x0007[string.char(49, 98)][string.char(84, 114, 97, 110, 115, 112, 97, 114, 101, 110, 99, 121)] = 0.5;
_0x0007[string.char(49, 98)][string.char(84, 104, 105, 99, 107, 110, 101, 115, 115)] = 2;
_0x0007[string.char(49, 98)][string.char(67, 111, 108, 111, 114)] = _0x0012._0x0013(255, 255, (344 - 89));
_0x0007[string.char(49, 99)] = _0x000a._0x000b(string.char(85, 73, 67, 111, 114, 110, 101, 114), _0x0007[string.char(49, 97)]);
_0x0007[string.char(49, 99)][string.char(67, 111, 114, 110, 101, 114, 82, 97, 100, 105, 117, 115)] = _0x0016._0x000b(0, 20);
_0x0007[string.char(49, 100)] = _0x000a._0x000b(string.char(70, 114, 97, 109, 101), _0x0007[string.char(49, 97)]);
_0x0007[string.char(49, 100)][string.char(86, 105, 115, 105, 98, 108, 101)] = false;
_0x0007[string.char(49, 100)][string.char(66, 111, 114, 100, 101, 114, 83, 105, 122, 101, 80, 105, 120, 101, 108)] = 0;
_0x0007[string.char(49, 100)][string.char(66, 97, 99, 107, 103, 114, 111, 117, 110, 100, 67, 111, 108, 111, 114, 51)] = _0x0012._0x0013((291 - 36), 255, 255);
_0x0007[string.char(49, 100)][string.char(83, 105, 122, 101)] = _0x0014._0x000b(0, 42, 0, (67 - 31));
_0x0007[string.char(49, 100)][string.char(80, 111, 115, 105, 116, 105, 111, 110)] = _0x0014._0x000b(0.62788, 0, 0.11556, 0);
_0x0007[string.char(49, 100)][string.char(66, 111, 114, 100, 101, 114, 67, 111, 108, 111, 114, 51)] = _0x0012._0x0013(0, 0, 0);
_0x0007[string.char(49, 100)][string.char(78, 97, 109, 101)] = [[_0x0042]];
_0x0007[string.char(49, 101)] = _0x000a._0x000b(string.char(85, 73, 83, 116, 114, 111, 107, 101), _0x0007[string.char(49, 100)]);
_0x0007[string.char(49, 101)][string.char(84, 104, 105, 99, 107, 110, 101, 115, 115)] = 4;
_0x0007[string.char(49, 101)][string.char(67, 111, 108, 111, 114)] = _0x0012._0x0013(255, 255, 255);
_0x0007[string.char(49, 102)] = _0x000a._0x000b(string.char(85, 73, 71, 114, 97, 100, 105, 101, 110, 116), _0x0007[string.char(49, 100)]);
_0x0007[string.char(49, 102)][string.char(82, 111, 116, 97, 116, 105, 111, 110)] = 45;
_0x0007[string.char(49, 102)][string.char(67, 111, 108, 111, 114)] = _0x0020._0x000b{_0x0021._0x000b(0.000, _0x0012._0x0013(0, 0, 0)),_0x0021._0x000b(1.000, _0x0012._0x0013((42 + 42), 84, (160 - 76)))};
_0x0007[string.char(40, 49, 48, 32, 43, 32, 49, 48, 41)] = _0x000a._0x000b(string.char(85, 73, 67, 111, 114, 110, 101, 114), _0x0007[string.char(49, 100)]);
_0x0007[string.char(50, 48)][string.char(67, 111, 114, 110, 101, 114, 82, 97, 100, 105, 117, 115)] = _0x0016._0x000b(0, 20);
_0x0007[string.char(50, 49)] = _0x000a._0x000b(string.char(70, 114, 97, 109, 101), _0x0007[string.char(49, 97)]);
_0x0007[string.char(40, 49, 48, 32, 43, 32, 49, 49, 41)][string.char(86, 105, 115, 105, 98, 108, 101)] = false;
_0x0007[string.char(40, 49, 48, 32, 43, 32, 49, 49, 41)][string.char(66, 111, 114, 100, 101, 114, 83, 105, 122, 101, 80, 105, 120, 101, 108)] = 0;
_0x0007[string.char(50, 49)][string.char(66, 97, 99, 107, 103, 114, 111, 117, 110, 100, 67, 111, 108, 111, 114, 51)] = _0x0012._0x0013(255, (311 - 56), 255);
_0x0007[string.char(50, 49)][string.char(83, 105, 122, 101)] = _0x0014._0x000b(0, 42, 0, 36);
_0x0007[string.char(50, 49)][string.char(80, 111, 115, 105, 116, 105, 111, 110)] = _0x0014._0x000b(0.05854, 0, 0.11556, 0);
_0x0007[string.char(40, 52, 50, 32, 47, 32, 50, 41)][string.char(66, 111, 114, 100, 101, 114, 67, 111, 108, 111, 114, 51)] = _0x0012._0x0013(0, 0, 0);
_0x0007[string.char(40, 57, 54, 32, 45, 32, 55, 53, 41)][string.char(78, 97, 109, 101)] = [[_0x0043]];
_0x0007[string.char(50, 50)] = _0x000a._0x000b(string.char(85, 73, 83, 116, 114, 111, 107, 101), _0x0007[string.char(50, 49)]);
_0x0007[string.char(40, 54, 54, 32, 47, 32, 51, 41)][string.char(84, 104, 105, 99, 107, 110, 101, 115, 115)] = 4;
_0x0007[string.char(40, 49, 49, 48, 32, 45, 32, 56, 56, 41)][string.char(67, 111, 108, 111, 114)] = _0x0012._0x0013((127 + 128), 255, 255);
_0x0007[string.char(50, 51)] = _0x000a._0x000b(string.char(85, 73, 67, 111, 114, 110, 101, 114), _0x0007[string.char(50, 49)]);
_0x0007[string.char(50, 51)][string.char(67, 111, 114, 110, 101, 114, 82, 97, 100, 105, 117, 115)] = _0x0016._0x000b(0, (40 / 2));
_0x0007[string.char(40, 49, 49, 52, 32, 45, 32, 57, 48, 41)] = _0x000a._0x000b(string.char(85, 73, 71, 114, 97, 100, 105, 101, 110, 116), _0x0007[string.char(40, 49, 48, 32, 43, 32, 49, 49, 41)]);
_0x0007[string.char(50, 52)][string.char(82, 111, 116, 97, 116, 105, 111, 110)] = (22 + 23);
_0x0007[string.char(40, 55, 50, 32, 47, 32, 51, 41)][string.char(67, 111, 108, 111, 114)] = _0x0020._0x000b{_0x0021._0x000b(0.000, _0x0012._0x0013(0, 0, 0)),_0x0021._0x000b(1.000, _0x0012._0x0013((42 + 42), 84, 84))};
_0x0007[string.char(40, 53, 48, 32, 47, 32, 50, 41)] = _0x000a._0x000b(string.char(84, 101, 120, 116, 66, 117, 116, 116, 111, 110), _0x0007[string.char(49, 97)]);
_0x0007[string.char(50, 53)][string.char(66, 111, 114, 100, 101, 114, 83, 105, 122, 101, 80, 105, 120, 101, 108)] = 0;
_0x0007[string.char(40, 49, 48, 48, 32, 47, 32, 52, 41)][string.char(84, 101, 120, 116, 83, 105, 122, 101)] = 14;
_0x0007[string.char(40, 49, 48, 48, 32, 47, 32, 52, 41)][string.char(84, 101, 120, 116, 67, 111, 108, 111, 114, 51)] = _0x0012._0x0013(0, 0, 0);
_0x0007[string.char(50, 53)][string.char(66, 97, 99, 107, 103, 114, 111, 117, 110, 100, 67, 111, 108, 111, 114, 51)] = _0x0012._0x0013(255, 255, (510 / 2));
_0x0007[string.char(40, 49, 50, 32, 43, 32, 49, 51, 41)][string.char(70, 111, 110, 116, 70, 97, 99, 101)] = _0x0024._0x000b([[_0x0025://_0x0026/_0x0027/_0x0028._0x0029]], _0x000e._0x002a._0x002b, _0x000e._0x002c._0x002d);
_0x0007[string.char(40, 54, 49, 32, 45, 32, 51, 54, 41)][string.char(66, 97, 99, 107, 103, 114, 111, 117, 110, 100, 84, 114, 97, 110, 115, 112, 97, 114, 101, 110, 99, 121)] = 1;
_0x0007[string.char(40, 49, 50, 32, 43, 32, 49, 51, 41)][string.char(83, 105, 122, 101)] = _0x0014._0x000b(0, (218 - 81), 0, 50);
_0x0007[string.char(50, 53)][string.char(66, 111, 114, 100, 101, 114, 67, 111, 108, 111, 114, 51)] = _0x0012._0x0013(0, 0, 0);
_0x0007[string.char(40, 49, 50, 32, 43, 32, 49, 51, 41)][string.char(84, 101, 120, 116)] = [[]];
_0x0007[string.char(50, 53)][string.char(78, 97, 109, 101)] = [[_0x0044]];
_0x0007[string.char(50, 53)][string.char(80, 111, 115, 105, 116, 105, 111, 110)] = _0x0014._0x000b(-0.00358, 0, -0.0065, 0);
_0x0007[string.char(50, 54)] = _0x000a._0x000b(string.char(70, 114, 97, 109, 101), _0x0007[string.char(49, 49)]);
_0x0007[string.char(40, 55, 56, 32, 47, 32, 51, 41)][string.char(86, 105, 115, 105, 98, 108, 101)] = false;
_0x0007[string.char(40, 49, 51, 32, 43, 32, 49, 51, 41)][string.char(66, 111, 114, 100, 101, 114, 83, 105, 122, 101, 80, 105, 120, 101, 108)] = 0;
_0x0007[string.char(40, 53, 50, 32, 47, 32, 50, 41)][string.char(66, 97, 99, 107, 103, 114, 111, 117, 110, 100, 67, 111, 108, 111, 114, 51)] = _0x0012._0x0013((256 - 43), 0, 0);
_0x0007[string.char(50, 54)][string.char(83, 105, 122, 101)] = _0x0014._0x000b(0.6, 0, 0.42735, 0);
_0x0007[string.char(50, 54)][string.char(80, 111, 115, 105, 116, 105, 111, 110)] = _0x0014._0x000b((9.04926 / 3), 0, 0.39873, 0);
_0x0007[string.char(50, 54)][string.char(66, 111, 114, 100, 101, 114, 67, 111, 108, 111, 114, 51)] = _0x0012._0x0013(0, 0, 0);
_0x0007[string.char(40, 55, 56, 32, 47, 32, 51, 41)][string.char(78, 97, 109, 101)] = [[_0x0045]];
_0x0007[string.char(50, 54)]:_0x0038([[_0x0046]], false);
_0x0007[string.char(40, 49, 48, 52, 32, 47, 32, 52, 41)]:_0x0038([[_0x0039]], [[_0x0045]]);
_0x0004:_0x003b(_0x0007[string.char(50, 54)], [[_0x003c]]);
_0x0007[string.char(40, 49, 48, 49, 32, 45, 32, 55, 52, 41)] = _0x000a._0x000b(string.char(85, 73, 83, 116, 114, 111, 107, 101), _0x0007[string.char(50, 54)]);
_0x0007[string.char(50, 55)][string.char(84, 114, 97, 110, 115, 112, 97, 114, 101, 110, 99, 121)] = 0.5;
_0x0007[string.char(40, 49, 48, 48, 32, 45, 32, 55, 51, 41)][string.char(84, 104, 105, 99, 107, 110, 101, 115, 115)] = 2;
_0x0007[string.char(40, 49, 48, 56, 32, 47, 32, 52, 41)][string.char(67, 111, 108, 111, 114)] = _0x0012._0x0013((293 - 38), (127 + 128), 255);
_0x0007[string.char(40, 49, 52, 32, 43, 32, 49, 52, 41)] = _0x000a._0x000b(string.char(85, 73, 67, 111, 114, 110, 101, 114), _0x0007[string.char(40, 49, 48, 53, 32, 45, 32, 55, 57, 41)]);
_0x0007[string.char(40, 49, 49, 50, 32, 47, 32, 52, 41)][string.char(67, 111, 114, 110, 101, 114, 82, 97, 100, 105, 117, 115)] = _0x0016._0x000b(0, (110 - 90));
_0x0007[string.char(40, 56, 55, 32, 47, 32, 51, 41)] = _0x000a._0x000b(string.char(84, 101, 120, 116, 66, 117, 116, 116, 111, 110), _0x0007[string.char(40, 53, 57, 32, 45, 32, 51, 51, 41)]);
_0x0007[string.char(50, 57)][string.char(66, 111, 114, 100, 101, 114, 83, 105, 122, 101, 80, 105, 120, 101, 108)] = 0;
_0x0007[string.char(50, 57)][string.char(84, 101, 120, 116, 83, 105, 122, 101)] = (88 - 74);
_0x0007[string.char(50, 57)][string.char(84, 101, 120, 116, 67, 111, 108, 111, 114, 51)] = _0x0012._0x0013(0, 0, 0);
_0x0007[string.char(50, 57)][string.char(66, 97, 99, 107, 103, 114, 111, 117, 110, 100, 67, 111, 108, 111, 114, 51)] = _0x0012._0x0013(255, 255, (127 + 128));
_0x0007[string.char(40, 49, 52, 32, 43, 32, 49, 53, 41)][string.char(70, 111, 110, 116, 70, 97, 99, 101)] = _0x0024._0x000b([[_0x0025://_0x0026/_0x0027/_0x0028._0x0029]], _0x000e._0x002a._0x002b, _0x000e._0x002c._0x002d);
_0x0007[string.char(40, 54, 50, 32, 45, 32, 51, 51, 41)][string.char(66, 97, 99, 107, 103, 114, 111, 117, 110, 100, 84, 114, 97, 110, 115, 112, 97, 114, 101, 110, 99, 121)] = 1;
_0x0007[string.char(40, 49, 49, 54, 32, 47, 32, 52, 41)][string.char(83, 105, 122, 101)] = _0x0014._0x000b(0, 60, 0, (25 + 25));
_0x0007[string.char(40, 49, 49, 54, 32, 47, 32, 52, 41)][string.char(66, 111, 114, 100, 101, 114, 67, 111, 108, 111, 114, 51)] = _0x0012._0x0013(0, 0, 0);
_0x0007[string.char(50, 57)][string.char(84, 101, 120, 116)] = [[]];
_0x0007[string.char(40, 53, 56, 32, 47, 32, 50, 41)][string.char(78, 97, 109, 101)] = [[_0x0044]];
_0x0007[string.char(40, 49, 49, 54, 32, 47, 32, 52, 41)][string.char(80, 111, 115, 105, 116, 105, 111, 110)] = _0x0014._0x000b(-0.00358, 0, -0.0065, 0);
_0x0007[string.char(50, 97)] = _0x000a._0x000b(string.char(70, 111, 108, 100, 101, 114), _0x0007[string.char(102)]);
_0x0007[string.char(50, 97)][string.char(78, 97, 109, 101)] = [[_0x0032]];
_0x0007[string.char(50, 98)] = _0x000a._0x000b(string.char(77, 111, 100, 117, 108, 101, 83, 99, 114, 105, 112, 116), _0x0007[string.char(50, 97)]);
_0x0007[string.char(50, 98)][string.char(78, 97, 109, 101)] = [[_0x0047]];
_0x0007[string.char(50, 99)] = _0x000a._0x000b(string.char(77, 111, 100, 117, 108, 101, 83, 99, 114, 105, 112, 116), _0x0007[string.char(50, 97)]);
_0x0007[string.char(50, 99)][string.char(78, 97, 109, 101)] = [[_0x0048]];
_0x0007[string.char(50, 100)] = _0x000a._0x000b(string.char(77, 111, 100, 117, 108, 101, 83, 99, 114, 105, 112, 116), _0x0007[string.char(50, 97)]);
_0x0007[string.char(50, 100)][string.char(78, 97, 109, 101)] = [[_0x0049]];
_0x0007[string.char(50, 101)] = _0x000a._0x000b(string.char(77, 111, 100, 117, 108, 101, 83, 99, 114, 105, 112, 116), _0x0007[string.char(102)]);
_0x0007[string.char(50, 101)][string.char(78, 97, 109, 101)] = [[_0x004a]];
_0x0007[string.char(50, 102)] = _0x000a._0x000b(string.char(83, 99, 114, 101, 101, 110, 71, 117, 105), _0x0007[string.char(101)]);
_0x0007[string.char(50, 102)][string.char(69, 110, 97, 98, 108, 101, 100)] = false;
_0x0007[string.char(50, 102)][string.char(78, 97, 109, 101)] = [[_0x0033]];
_0x0007[string.char(50, 102)][string.char(90, 73, 110, 100, 101, 120, 66, 101, 104, 97, 118, 105, 111, 114)] = _0x000e._0x000f._0x0010;
_0x0007[string.char(40, 49, 50, 48, 32, 47, 32, 52, 41)] = _0x000a._0x000b(string.char(70, 114, 97, 109, 101), _0x0007[string.char(50, 102)]);
_0x0007[string.char(40, 57, 48, 32, 47, 32, 51, 41)][string.char(66, 111, 114, 100, 101, 114, 83, 105, 122, 101, 80, 105, 120, 101, 108)] = 0;
_0x0007[string.char(51, 48)][string.char(66, 97, 99, 107, 103, 114, 111, 117, 110, 100, 67, 111, 108, 111, 114, 51)] = _0x0012._0x0013(255, 255, (1020 / 4));
_0x0007[string.char(51, 48)][string.char(83, 105, 122, 101)] = _0x0014._0x000b(0.35932, 0, 0.84848, 0);
_0x0007[string.char(40, 49, 50, 48, 32, 47, 32, 52, 41)][string.char(80, 111, 115, 105, 116, 105, 111, 110)] = _0x0014._0x000b(0.32008, (24 / 4), 0.07527, 0);
_0x0007[string.char(40, 53, 57, 32, 45, 32, 50, 57, 41)][string.char(66, 111, 114, 100, 101, 114, 67, 111, 108, 111, 114, 51)] = _0x0012._0x0013(0, 0, 0);
_0x0007[string.char(51, 49)] = _0x000a._0x000b(string.char(85, 73, 67, 111, 114, 110, 101, 114), _0x0007[string.char(51, 48)]);
_0x0007[string.char(40, 49, 53, 32, 43, 32, 49, 54, 41)][string.char(67, 111, 114, 110, 101, 114, 82, 97, 100, 105, 117, 115)] = _0x0016._0x000b(0, 20);
_0x0007[string.char(40, 49, 54, 32, 43, 32, 49, 54, 41)] = _0x000a._0x000b(string.char(85, 73, 71, 114, 97, 100, 105, 101, 110, 116), _0x0007[string.char(51, 48)]);
_0x0007[string.char(51, 50)][string.char(82, 111, 116, 97, 116, 105, 111, 110)] = (90 - 45);
_0x0007[string.char(51, 50)][string.char(67, 111, 108, 111, 114)] = _0x0020._0x000b{_0x0021._0x000b(0.000, _0x0012._0x0013(160, (164 - 31), (165 - 65))),_0x0021._0x000b(1.000, _0x0012._0x0013(89, 76, 56))};
_0x0007[string.char(40, 57, 52, 32, 45, 32, 54, 49, 41)] = _0x000a._0x000b(string.char(85, 73, 83, 116, 114, 111, 107, 101), _0x0007[string.char(40, 57, 51, 32, 45, 32, 54, 51, 41)]);
_0x0007[string.char(40, 49, 48, 52, 32, 45, 32, 55, 49, 41)][string.char(84, 104, 105, 99, 107, 110, 101, 115, 115)] = (2 + 2);
_0x0007[string.char(51, 51)][string.char(67, 111, 108, 111, 114)] = _0x0012._0x0013(255, 255, (127 + 128));
_0x0007[string.char(51, 52)] = _0x000a._0x000b(string.char(84, 101, 120, 116, 76, 97, 98, 101, 108), _0x0007[string.char(40, 54, 48, 32, 45, 32, 51, 48, 41)]);
_0x0007[string.char(40, 54, 56, 32, 47, 32, 50, 41)][string.char(84, 101, 120, 116, 87, 114, 97, 112, 112, 101, 100)] = true;
_0x0007[string.char(51, 52)][string.char(66, 111, 114, 100, 101, 114, 83, 105, 122, 101, 80, 105, 120, 101, 108)] = 0;
_0x0007[string.char(51, 52)][string.char(84, 101, 120, 116, 83, 105, 122, 101)] = (56 / 4);
_0x0007[string.char(40, 49, 55, 32, 43, 32, 49, 55, 41)][string.char(84, 101, 120, 116, 83, 99, 97, 108, 101, 100)] = true;
_0x0007[string.char(51, 52)][string.char(66, 97, 99, 107, 103, 114, 111, 117, 110, 100, 67, 111, 108, 111, 114, 51)] = _0x0012._0x0013((286 - 31), 255, 255);
_0x0007[string.char(40, 52, 55, 32, 45, 32, 49, 51, 41)][string.char(70, 111, 110, 116, 70, 97, 99, 101)] = _0x0024._0x000b([[_0x0025://_0x0026/_0x0027/_0x0028._0x0029]], _0x000e._0x002a._0x002b, _0x000e._0x002c._0x002d);
_0x0007[string.char(40, 54, 56, 32, 47, 32, 50, 41)][string.char(84, 101, 120, 116, 67, 111, 108, 111, 114, 51)] = _0x0012._0x0013((127 + 128), 255, (1020 / 4));
_0x0007[string.char(40, 53, 57, 32, 45, 32, 50, 53, 41)][string.char(66, 97, 99, 107, 103, 114, 111, 117, 110, 100, 84, 114, 97, 110, 115, 112, 97, 114, 101, 110, 99, 121)] = 1;
_0x0007[string.char(51, 52)][string.char(83, 105, 122, 101)] = _0x0014._0x000b(0.50862, 0, 0.04378, 0);
_0x0007[string.char(51, 52)][string.char(66, 111, 114, 100, 101, 114, 67, 111, 108, 111, 114, 51)] = _0x0012._0x0013(0, 0, 0);
_0x0007[string.char(40, 49, 51, 54, 32, 47, 32, 52, 41)][string.char(84, 101, 120, 116)] = [[_0x004d _0x0031]];
_0x0007[string.char(51, 52)][string.char(78, 97, 109, 101)] = [[_0x004c]];
_0x0007[string.char(51, 52)][string.char(80, 111, 115, 105, 116, 105, 111, 110)] = _0x0014._0x000b(0.24569, 0, 0.02074, 0);
_0x0007[string.char(51, 53)] = _0x000a._0x000b(string.char(85, 73, 71, 114, 97, 100, 105, 101, 110, 116), _0x0007[string.char(40, 49, 48, 50, 32, 47, 32, 51, 41)]);
_0x0007[string.char(51, 53)][string.char(82, 111, 116, 97, 116, 105, 111, 110)] = (135 / 3);
_0x0007[string.char(40, 49, 50, 54, 32, 45, 32, 57, 49, 41)][string.char(67, 111, 108, 111, 114)] = _0x0020._0x000b{_0x0021._0x000b(0.000, _0x0012._0x0013((127 + 128), (305 - 78), (240 - 59))),_0x0021._0x000b(1.000, _0x0012._0x0013((327 / 3), 163, (180 - 17)))};
_0x0007[string.char(40, 54, 49, 32, 45, 32, 50, 53, 41)] = _0x000a._0x000b(string.char(85, 73, 83, 116, 114, 111, 107, 101), _0x0007[string.char(51, 52)]);
_0x0007[string.char(51, 54)][string.char(84, 104, 105, 99, 107, 110, 101, 115, 115)] = 1.5;
_0x0007[string.char(40, 55, 50, 32, 47, 32, 50, 41)][string.char(67, 111, 108, 111, 114)] = _0x0012._0x0013((267 - 12), 255, 255);
_0x0007[string.char(40, 49, 49, 48, 32, 45, 32, 55, 51, 41)] = _0x000a._0x000b(string.char(70, 114, 97, 109, 101), _0x0007[string.char(40, 49, 53, 32, 43, 32, 49, 53, 41)]);
_0x0007[string.char(51, 55)][string.char(66, 111, 114, 100, 101, 114, 83, 105, 122, 101, 80, 105, 120, 101, 108)] = 0;
_0x0007[string.char(40, 49, 48, 49, 32, 45, 32, 54, 52, 41)][string.char(66, 97, 99, 107, 103, 114, 111, 117, 110, 100, 67, 111, 108, 111, 114, 51)] = _0x0012._0x0013(255, 255, (127 + 128));
_0x0007[string.char(40, 49, 49, 49, 32, 47, 32, 51, 41)][string.char(83, 105, 122, 101)] = _0x0014._0x000b(0.86782, 0, 0.84101, 0);
_0x0007[string.char(51, 55)][string.char(80, 111, 115, 105, 116, 105, 111, 110)] = _0x0014._0x000b(0.06609, 0, 0.11636, 0);
_0x0007[string.char(51, 55)][string.char(66, 111, 114, 100, 101, 114, 67, 111, 108, 111, 114, 51)] = _0x0012._0x0013(0, 0, 0);
_0x0007[string.char(51, 55)][string.char(78, 97, 109, 101)] = [[_0x004e]];
_0x0007[string.char(51, 55)][string.char(66, 97, 99, 107, 103, 114, 111, 117, 110, 100, 84, 114, 97, 110, 115, 112, 97, 114, 101, 110, 99, 121)] = 1;
_0x0007[string.char(40, 49, 57, 32, 43, 32, 49, 57, 41)] = _0x000a._0x000b(string.char(85, 73, 83, 116, 114, 111, 107, 101), _0x0007[string.char(51, 55)]);
_0x0007[string.char(51, 56)][string.char(84, 104, 105, 99, 107, 110, 101, 115, 115)] = (88 - 84);
_0x0007[string.char(40, 49, 57, 32, 43, 32, 49, 57, 41)][string.char(67, 111, 108, 111, 114)] = _0x0012._0x0013(255, 255, (127 + 128));
_0x0007[string.char(40, 49, 49, 55, 32, 47, 32, 51, 41)] = _0x000a._0x000b(string.char(85, 73, 67, 111, 114, 110, 101, 114), _0x0007[string.char(51, 55)]);
_0x0007[string.char(51, 57)][string.char(67, 111, 114, 110, 101, 114, 82, 97, 100, 105, 117, 115)] = _0x0016._0x000b(0, (10 + 10));
_0x0007[string.char(51, 97)] = _0x000a._0x000b(string.char(83, 99, 114, 111, 108, 108, 105, 110, 103, 70, 114, 97, 109, 101), _0x0007[string.char(40, 49, 56, 32, 43, 32, 49, 57, 41)]);
_0x0007[string.char(51, 97)][string.char(65, 99, 116, 105, 118, 101)] = true;
_0x0007[string.char(51, 97)][string.char(66, 111, 114, 100, 101, 114, 83, 105, 122, 101, 80, 105, 120, 101, 108)] = 0;
_0x0007[string.char(51, 97)][string.char(78, 97, 109, 101)] = [[_0x004f]];
_0x0007[string.char(51, 97)][string.char(66, 97, 99, 107, 103, 114, 111, 117, 110, 100, 67, 111, 108, 111, 114, 51)] = _0x0012._0x0013(255, (294 - 39), (323 - 68));
_0x0007[string.char(51, 97)][string.char(83, 105, 122, 101)] = _0x0014._0x000b(0.97682, 0, 0.97808, 0);
_0x0007[string.char(51, 97)][string.char(83, 99, 114, 111, 108, 108, 66, 97, 114, 73, 109, 97, 103, 101, 67, 111, 108, 111, 114, 51)] = _0x0012._0x0013(0, 0, 0);
_0x0007[string.char(51, 97)][string.char(80, 111, 115, 105, 116, 105, 111, 110)] = _0x0014._0x000b(0.01159, 0, 0.01096, 0);
_0x0007[string.char(51, 97)][string.char(66, 111, 114, 100, 101, 114, 67, 111, 108, 111, 114, 51)] = _0x0012._0x0013(0, 0, 0);
_0x0007[string.char(51, 97)][string.char(66, 97, 99, 107, 103, 114, 111, 117, 110, 100, 84, 114, 97, 110, 115, 112, 97, 114, 101, 110, 99, 121)] = 1;
_0x0007[string.char(51, 98)] = _0x000a._0x000b(string.char(85, 73, 76, 105, 115, 116, 76, 97, 121, 111, 117, 116), _0x0007[string.char(51, 97)]);
_0x0007[string.char(51, 98)][string.char(83, 111, 114, 116, 79, 114, 100, 101, 114)] = _0x000e._0x0019._0x001a;
_0x0007[string.char(51, 99)] = _0x000a._0x000b(string.char(70, 114, 97, 109, 101), _0x0007[string.char(51, 97)]);
_0x0007[string.char(51, 99)][string.char(66, 111, 114, 100, 101, 114, 83, 105, 122, 101, 80, 105, 120, 101, 108)] = 0;
_0x0007[string.char(51, 99)][string.char(66, 97, 99, 107, 103, 114, 111, 117, 110, 100, 67, 111, 108, 111, 114, 51)] = _0x0012._0x0013(255, 255, (127 + 128));
_0x0007[string.char(51, 99)][string.char(83, 105, 122, 101)] = _0x0014._0x000b(0, 100, 0, (58 + 59));
_0x0007[string.char(51, 99)][string.char(66, 111, 114, 100, 101, 114, 67, 111, 108, 111, 114, 51)] = _0x0012._0x0013(0, 0, 0);
_0x0007[string.char(51, 99)][string.char(78, 97, 109, 101)] = [[_0x0049]];
_0x0007[string.char(51, 99)][string.char(66, 97, 99, 107, 103, 114, 111, 117, 110, 100, 84, 114, 97, 110, 115, 112, 97, 114, 101, 110, 99, 121)] = 1;
_0x0007[string.char(51, 100)] = _0x000a._0x000b(string.char(70, 114, 97, 109, 101), _0x0007[string.char(51, 99)]);
_0x0007[string.char(51, 100)][string.char(66, 111, 114, 100, 101, 114, 83, 105, 122, 101, 80, 105, 120, 101, 108)] = 0;
_0x0007[string.char(51, 100)][string.char(66, 97, 99, 107, 103, 114, 111, 117, 110, 100, 67, 111, 108, 111, 114, 51)] = _0x0012._0x0013(255, 255, 255);
_0x0007[string.char(51, 100)][string.char(83, 105, 122, 101)] = _0x0014._0x000b((2 + 3.5700000000000003), 0, 0.8547, 0);
_0x0007[string.char(51, 100)][string.char(80, 111, 115, 105, 116, 105, 111, 110)] = _0x0014._0x000b(0.16, 0, 0.05044, 0);
_0x0007[string.char(51, 100)][string.char(66, 111, 114, 100, 101, 114, 67, 111, 108, 111, 114, 51)] = _0x0012._0x0013(0, 0, 0);
_0x0007[string.char(51, 100)][string.char(78, 97, 109, 101)] = [[_0x0050]];
_0x0007[string.char(51, 101)] = _0x000a._0x000b(string.char(85, 73, 83, 116, 114, 111, 107, 101), _0x0007[string.char(51, 100)]);
_0x0007[string.char(51, 101)][string.char(84, 104, 105, 99, 107, 110, 101, 115, 115)] = 4;
_0x0007[string.char(51, 101)][string.char(67, 111, 108, 111, 114)] = _0x0012._0x0013((340 - 85), (279 - 24), (290 - 35));
_0x0007[string.char(51, 102)] = _0x000a._0x000b(string.char(85, 73, 71, 114, 97, 100, 105, 101, 110, 116), _0x0007[string.char(51, 100)]);
_0x0007[string.char(51, 102)][string.char(82, 111, 116, 97, 116, 105, 111, 110)] = (55 - 10);
_0x0007[string.char(51, 102)][string.char(67, 111, 108, 111, 114)] = _0x0020._0x000b{_0x0021._0x000b(0.000, _0x0012._0x0013(86, (43 + 43), (256 / 2))),_0x0021._0x000b(1.000, _0x0012._0x0013(0, (190 / 2), (188 - 46)))};
_0x0007[string.char(52, 48)] = _0x000a._0x000b(string.char(85, 73, 67, 111, 114, 110, 101, 114), _0x0007[string.char(51, 100)]);
_0x0007[string.char(52, 48)][string.char(67, 111, 114, 110, 101, 114, 82, 97, 100, 105, 117, 115)] = _0x0016._0x000b(0, 20);
_0x0007[string.char(52, 49)] = _0x000a._0x000b(string.char(70, 114, 97, 109, 101), _0x0007[string.char(51, 99)]);
_0x0007[string.char(40, 53, 57, 32, 45, 32, 49, 56, 41)][string.char(66, 111, 114, 100, 101, 114, 83, 105, 122, 101, 80, 105, 120, 101, 108)] = 0;
_0x0007[string.char(40, 49, 54, 52, 32, 47, 32, 52, 41)][string.char(66, 97, 99, 107, 103, 114, 111, 117, 110, 100, 67, 111, 108, 111, 114, 51)] = _0x0012._0x0013(213, 0, 0);
_0x0007[string.char(52, 49)][string.char(83, 105, 122, 101)] = _0x0014._0x000b(1.37, 0, 0.42735, 0);
_0x0007[string.char(52, 49)][string.char(80, 111, 115, 105, 116, 105, 111, 110)] = _0x0014._0x000b((16.54568 / 4), 0, 0.26198, 0);
_0x0007[string.char(40, 50, 48, 32, 43, 32, 50, 49, 41)][string.char(66, 111, 114, 100, 101, 114, 67, 111, 108, 111, 114, 51)] = _0x0012._0x0013(0, 0, 0);
_0x0007[string.char(52, 49)][string.char(78, 97, 109, 101)] = [[_0x003f]];
_0x0007[string.char(40, 50, 48, 32, 43, 32, 50, 49, 41)]:_0x0038([[_0x0040]], false);
_0x0007[string.char(40, 49, 50, 51, 32, 47, 32, 51, 41)]:_0x0038([[_0x0039]], [[_0x003f]]);
_0x0007[string.char(52, 49)]:_0x0038([[_0x0041]], false);
_0x0004:_0x003b(_0x0007[string.char(40, 56, 51, 32, 45, 32, 52, 50, 41)], [[_0x003c]]);
_0x0007[string.char(40, 49, 50, 57, 32, 45, 32, 56, 55, 41)] = _0x000a._0x000b(string.char(85, 73, 83, 116, 114, 111, 107, 101), _0x0007[string.char(40, 50, 48, 32, 43, 32, 50, 49, 41)]);
_0x0007[string.char(40, 49, 50, 54, 32, 47, 32, 51, 41)][string.char(84, 114, 97, 110, 115, 112, 97, 114, 101, 110, 99, 121)] = 0.5;
_0x0007[string.char(52, 50)][string.char(84, 104, 105, 99, 107, 110, 101, 115, 115)] = 2;
_0x0007[string.char(52, 50)][string.char(67, 111, 108, 111, 114)] = _0x0012._0x0013((1020 / 4), 255, 255);
_0x0007[string.char(40, 50, 49, 32, 43, 32, 50, 50, 41)] = _0x000a._0x000b(string.char(85, 73, 67, 111, 114, 110, 101, 114), _0x0007[string.char(52, 49)]);
_0x0007[string.char(40, 50, 49, 32, 43, 32, 50, 50, 41)][string.char(67, 111, 114, 110, 101, 114, 82, 97, 100, 105, 117, 115)] = _0x0016._0x000b(0, (80 / 4));
_0x0007[string.char(40, 54, 53, 32, 45, 32, 50, 49, 41)] = _0x000a._0x000b(string.char(70, 114, 97, 109, 101), _0x0007[string.char(40, 50, 48, 32, 43, 32, 50, 49, 41)]);
_0x0007[string.char(40, 53, 52, 32, 45, 32, 49, 48, 41)][string.char(86, 105, 115, 105, 98, 108, 101)] = false;
_0x0007[string.char(52, 52)][string.char(66, 111, 114, 100, 101, 114, 83, 105, 122, 101, 80, 105, 120, 101, 108)] = 0;
_0x0007[string.char(52, 52)][string.char(66, 97, 99, 107, 103, 114, 111, 117, 110, 100, 67, 111, 108, 111, 114, 51)] = _0x0012._0x0013((127 + 128), 255, 255);
_0x0007[string.char(52, 52)][string.char(83, 105, 122, 101)] = _0x0014._0x000b(0, (84 / 2), 0, (134 - 98));
_0x0007[string.char(40, 50, 50, 32, 43, 32, 50, 50, 41)][string.char(80, 111, 115, 105, 116, 105, 111, 110)] = _0x0014._0x000b(0.62788, 0, 0.11556, 0);
_0x0007[string.char(52, 52)][string.char(66, 111, 114, 100, 101, 114, 67, 111, 108, 111, 114, 51)] = _0x0012._0x0013(0, 0, 0);
_0x0007[string.char(40, 49, 51, 50, 32, 47, 32, 51, 41)][string.char(78, 97, 109, 101)] = [[_0x0043]];
_0x0007[string.char(52, 53)] = _0x000a._0x000b(string.char(85, 73, 83, 116, 114, 111, 107, 101), _0x0007[string.char(52, 52)]);
_0x0007[string.char(40, 50, 50, 32, 43, 32, 50, 51, 41)][string.char(84, 104, 105, 99, 107, 110, 101, 115, 115)] = (56 - 52);
_0x0007[string.char(40, 50, 50, 32, 43, 32, 50, 51, 41)][string.char(67, 111, 108, 111, 114)] = _0x0012._0x0013(255, (330 - 75), 255);
_0x0007[string.char(40, 57, 50, 32, 47, 32, 50, 41)] = _0x000a._0x000b(string.char(85, 73, 71, 114, 97, 100, 105, 101, 110, 116), _0x0007[string.char(40, 49, 49, 53, 32, 45, 32, 55, 49, 41)]);
_0x0007[string.char(40, 57, 50, 32, 47, 32, 50, 41)][string.char(82, 111, 116, 97, 116, 105, 111, 110)] = (180 / 4);
_0x0007[string.char(40, 49, 51, 56, 32, 47, 32, 51, 41)][string.char(67, 111, 108, 111, 114)] = _0x0020._0x000b{_0x0021._0x000b(0.000, _0x0012._0x0013(0, 0, 0)),_0x0021._0x000b(1.000, _0x0012._0x0013(84, (103 - 19), (168 / 2)))};
_0x0007[string.char(52, 55)] = _0x000a._0x000b(string.char(85, 73, 67, 111, 114, 110, 101, 114), _0x0007[string.char(40, 57, 52, 32, 45, 32, 53, 48, 41)]);
_0x0007[string.char(52, 55)][string.char(67, 111, 114, 110, 101, 114, 82, 97, 100, 105, 117, 115)] = _0x0016._0x000b(0, (34 - 14));
_0x0007[string.char(52, 56)] = _0x000a._0x000b(string.char(70, 114, 97, 109, 101), _0x0007[string.char(52, 49)]);
_0x0007[string.char(52, 56)][string.char(86, 105, 115, 105, 98, 108, 101)] = false;
_0x0007[string.char(52, 56)][string.char(66, 111, 114, 100, 101, 114, 83, 105, 122, 101, 80, 105, 120, 101, 108)] = 0;
_0x0007[string.char(52, 56)][string.char(66, 97, 99, 107, 103, 114, 111, 117, 110, 100, 67, 111, 108, 111, 114, 51)] = _0x0012._0x0013(255, (1020 / 4), 255);
_0x0007[string.char(52, 56)][string.char(83, 105, 122, 101)] = _0x0014._0x000b(0, (59 - 17), 0, 36);
_0x0007[string.char(40, 49, 57, 50, 32, 47, 32, 52, 41)][string.char(80, 111, 115, 105, 116, 105, 111, 110)] = _0x0014._0x000b(0.05854, 0, 0.11556, 0);
_0x0007[string.char(52, 56)][string.char(66, 111, 114, 100, 101, 114, 67, 111, 108, 111, 114, 51)] = _0x0012._0x0013(0, 0, 0);
_0x0007[string.char(52, 56)][string.char(78, 97, 109, 101)] = [[_0x0042]];
_0x0007[string.char(52, 57)] = _0x000a._0x000b(string.char(85, 73, 83, 116, 114, 111, 107, 101), _0x0007[string.char(52, 56)]);
_0x0007[string.char(52, 57)][string.char(84, 104, 105, 99, 107, 110, 101, 115, 115)] = 4;
_0x0007[string.char(52, 57)][string.char(67, 111, 108, 111, 114)] = _0x0012._0x0013((127 + 128), (127 + 128), 255);
_0x0007[string.char(52, 97)] = _0x000a._0x000b(string.char(85, 73, 67, 111, 114, 110, 101, 114), _0x0007[string.char(40, 50, 52, 32, 43, 32, 50, 52, 41)]);
_0x0007[string.char(52, 97)][string.char(67, 111, 114, 110, 101, 114, 82, 97, 100, 105, 117, 115)] = _0x0016._0x000b(0, (10 + 10));
_0x0007[string.char(52, 98)] = _0x000a._0x000b(string.char(85, 73, 71, 114, 97, 100, 105, 101, 110, 116), _0x0007[string.char(52, 56)]);
_0x0007[string.char(52, 98)][string.char(82, 111, 116, 97, 116, 105, 111, 110)] = 45;
_0x0007[string.char(52, 98)][string.char(67, 111, 108, 111, 114)] = _0x0020._0x000b{_0x0021._0x000b(0.000, _0x0012._0x0013(0, 0, 0)),_0x0021._0x000b(1.000, _0x0012._0x0013(84, (336 / 4), (42 + 42)))};
_0x0007[string.char(52, 99)] = _0x000a._0x000b(string.char(84, 101, 120, 116, 66, 117, 116, 116, 111, 110), _0x0007[string.char(52, 49)]);
_0x0007[string.char(52, 99)][string.char(66, 111, 114, 100, 101, 114, 83, 105, 122, 101, 80, 105, 120, 101, 108)] = 0;
_0x0007[string.char(52, 99)][string.char(84, 101, 120, 116, 83, 105, 122, 101)] = 14;
_0x0007[string.char(52, 99)][string.char(84, 101, 120, 116, 67, 111, 108, 111, 114, 51)] = _0x0012._0x0013(0, 0, 0);
_0x0007[string.char(52, 99)][string.char(66, 97, 99, 107, 103, 114, 111, 117, 110, 100, 67, 111, 108, 111, 114, 51)] = _0x0012._0x0013(255, 255, 255);
_0x0007[string.char(52, 99)][string.char(70, 111, 110, 116, 70, 97, 99, 101)] = _0x0024._0x000b([[_0x0025://_0x0026/_0x0027/_0x0028._0x0029]], _0x000e._0x002a._0x002b, _0x000e._0x002c._0x002d);
_0x0007[string.char(52, 99)][string.char(66, 97, 99, 107, 103, 114, 111, 117, 110, 100, 84, 114, 97, 110, 115, 112, 97, 114, 101, 110, 99, 121)] = 1;
_0x0007[string.char(52, 99)][string.char(83, 105, 122, 101)] = _0x0014._0x000b(0, (274 / 2), 0, 50);
_0x0007[string.char(52, 99)][string.char(66, 111, 114, 100, 101, 114, 67, 111, 108, 111, 114, 51)] = _0x0012._0x0013(0, 0, 0);
_0x0007[string.char(52, 99)][string.char(84, 101, 120, 116)] = [[]];
_0x0007[string.char(52, 99)][string.char(78, 97, 109, 101)] = [[_0x0044]];
_0x0007[string.char(52, 99)][string.char(80, 111, 115, 105, 116, 105, 111, 110)] = _0x0014._0x000b(-0.00358, 0, -0.0065, 0);
_0x0007[string.char(52, 100)] = _0x000a._0x000b(string.char(84, 101, 120, 116, 76, 97, 98, 101, 108), _0x0007[string.char(51, 99)]);
_0x0007[string.char(52, 100)][string.char(84, 101, 120, 116, 87, 114, 97, 112, 112, 101, 100)] = true;
_0x0007[string.char(52, 100)][string.char(66, 111, 114, 100, 101, 114, 83, 105, 122, 101, 80, 105, 120, 101, 108)] = 0;
_0x0007[string.char(52, 100)][string.char(84, 101, 120, 116, 83, 105, 122, 101)] = (7 + 7);
_0x0007[string.char(52, 100)][string.char(84, 101, 120, 116, 83, 99, 97, 108, 101, 100)] = true;
_0x0007[string.char(52, 100)][string.char(66, 97, 99, 107, 103, 114, 111, 117, 110, 100, 67, 111, 108, 111, 114, 51)] = _0x0012._0x0013(255, 255, (127 + 128));
_0x0007[string.char(52, 100)][string.char(70, 111, 110, 116, 70, 97, 99, 101)] = _0x0024._0x000b([[_0x0025://_0x0026/_0x0027/_0x0028._0x0029]], _0x000e._0x002a._0x002b, _0x000e._0x002c._0x002d);
_0x0007[string.char(52, 100)][string.char(84, 101, 120, 116, 67, 111, 108, 111, 114, 51)] = _0x0012._0x0013((265 - 10), (127 + 128), (765 / 3));
_0x0007[string.char(52, 100)][string.char(66, 97, 99, 107, 103, 114, 111, 117, 110, 100, 84, 114, 97, 110, 115, 112, 97, 114, 101, 110, 99, 121)] = 1;
_0x0007[string.char(52, 100)][string.char(83, 105, 122, 101)] = _0x0014._0x000b(1.53, 0, 0.42735, 0);
_0x0007[string.char(52, 100)][string.char(66, 111, 114, 100, 101, 114, 67, 111, 108, 111, 114, 51)] = _0x0012._0x0013(0, 0, 0);
_0x0007[string.char(52, 100)][string.char(84, 101, 120, 116)] = [[_0x0049]];
_0x0007[string.char(52, 100)][string.char(78, 97, 109, 101)] = [[_0x0051]];
_0x0007[string.char(52, 100)][string.char(80, 111, 115, 105, 116, 105, 111, 110)] = _0x0014._0x000b(0, 0, 0.25788, 0);
_0x0007[string.char(52, 101)] = _0x000a._0x000b(string.char(85, 73, 71, 114, 97, 100, 105, 101, 110, 116), _0x0007[string.char(52, 100)]);
_0x0007[string.char(52, 101)][string.char(82, 111, 116, 97, 116, 105, 111, 110)] = (22 + 23);
_0x0007[string.char(52, 101)][string.char(67, 111, 108, 111, 114)] = _0x0020._0x000b{_0x0021._0x000b(0.000, _0x0012._0x0013((765 / 3), 227, (362 / 2))),_0x0021._0x000b(1.000, _0x0012._0x0013((436 / 4), 163, (81 + 82)))};
_0x0007[string.char(52, 102)] = _0x000a._0x000b(string.char(85, 73, 83, 116, 114, 111, 107, 101), _0x0007[string.char(52, 100)]);
_0x0007[string.char(52, 102)][string.char(84, 104, 105, 99, 107, 110, 101, 115, 115)] = 1.5;
_0x0007[string.char(52, 102)][string.char(67, 111, 108, 111, 114)] = _0x0012._0x0013(255, (1020 / 4), 255);
_0x0007[string.char(53, 48)] = _0x000a._0x000b(string.char(70, 114, 97, 109, 101), _0x0007[string.char(51, 99)]);
_0x0007[string.char(53, 48)][string.char(66, 111, 114, 100, 101, 114, 83, 105, 122, 101, 80, 105, 120, 101, 108)] = 0;
_0x0007[string.char(40, 50, 53, 32, 43, 32, 50, 53, 41)][string.char(66, 97, 99, 107, 103, 114, 111, 117, 110, 100, 67, 111, 108, 111, 114, 51)] = _0x0012._0x0013(255, (127 + 128), 255);
_0x0007[string.char(40, 50, 53, 32, 43, 32, 50, 53, 41)][string.char(83, 105, 122, 101)] = _0x0014._0x000b(2.13, 0, 0.49573, 0);
_0x0007[string.char(40, 49, 51, 57, 32, 45, 32, 56, 57, 41)][string.char(80, 111, 115, 105, 116, 105, 111, 110)] = _0x0014._0x000b(1.82, 0, 0.22993, 0);
_0x0007[string.char(40, 50, 53, 32, 43, 32, 50, 53, 41)][string.char(66, 111, 114, 100, 101, 114, 67, 111, 108, 111, 114, 51)] = _0x0012._0x0013(0, 0, 0);
_0x0007[string.char(53, 48)][string.char(78, 97, 109, 101)] = [[_0x0036]];
_0x0007[string.char(53, 48)]:_0x0038([[_0x0039]], [[_0x0036]]);
_0x0007[string.char(53, 48)]:_0x0038([[_0x003a]], [[]]);
_0x0004:_0x003b(_0x0007[string.char(40, 50, 53, 32, 43, 32, 50, 53, 41)], [[_0x003c]]);
_0x0007[string.char(40, 50, 53, 32, 43, 32, 50, 54, 41)] = _0x000a._0x000b(string.char(85, 73, 83, 116, 114, 111, 107, 101), _0x0007[string.char(40, 49, 50, 50, 32, 45, 32, 55, 50, 41)]);
_0x0007[string.char(40, 49, 52, 54, 32, 45, 32, 57, 53, 41)][string.char(84, 104, 105, 99, 107, 110, 101, 115, 115)] = 4;
_0x0007[string.char(40, 56, 50, 32, 45, 32, 51, 49, 41)][string.char(67, 111, 108, 111, 114)] = _0x0012._0x0013((286 - 31), 255, (1020 / 4));
_0x0007[string.char(40, 49, 51, 53, 32, 45, 32, 56, 51, 41)] = _0x000a._0x000b(string.char(85, 73, 71, 114, 97, 100, 105, 101, 110, 116), _0x0007[string.char(40, 49, 49, 52, 32, 45, 32, 54, 52, 41)]);
_0x0007[string.char(40, 54, 57, 32, 45, 32, 49, 55, 41)][string.char(82, 111, 116, 97, 116, 105, 111, 110)] = 45;
_0x0007[string.char(53, 50)][string.char(67, 111, 108, 111, 114)] = _0x0020._0x000b{_0x0021._0x000b(0.000, _0x0012._0x0013(86, 86, 128)),_0x0021._0x000b(1.000, _0x0012._0x0013(0, 95, 142))};
_0x0007[string.char(40, 49, 48, 54, 32, 47, 32, 50, 41)] = _0x000a._0x000b(string.char(85, 73, 67, 111, 114, 110, 101, 114), _0x0007[string.char(53, 48)]);
_0x0007[string.char(53, 51)][string.char(67, 111, 114, 110, 101, 114, 82, 97, 100, 105, 117, 115)] = _0x0016._0x000b(0, (80 / 4));
_0x0007[string.char(53, 52)] = _0x000a._0x000b(string.char(84, 101, 120, 116, 66, 111, 120), _0x0007[string.char(53, 48)]);
_0x0007[string.char(53, 52)][string.char(66, 111, 114, 100, 101, 114, 83, 105, 122, 101, 80, 105, 120, 101, 108)] = 0;
_0x0007[string.char(40, 49, 52, 52, 32, 45, 32, 57, 48, 41)][string.char(84, 101, 120, 116, 87, 114, 97, 112, 112, 101, 100)] = true;
_0x0007[string.char(53, 52)][string.char(84, 101, 120, 116, 83, 105, 122, 101)] = (7 + 7);
_0x0007[string.char(53, 52)][string.char(84, 101, 120, 116, 67, 111, 108, 111, 114, 51)] = _0x0012._0x0013((1020 / 4), (320 - 65), (341 - 86));
_0x0007[string.char(40, 54, 55, 32, 45, 32, 49, 51, 41)][string.char(84, 101, 120, 116, 83, 99, 97, 108, 101, 100)] = true;
_0x0007[string.char(40, 49, 48, 49, 32, 45, 32, 52, 55, 41)][string.char(66, 97, 99, 107, 103, 114, 111, 117, 110, 100, 67, 111, 108, 111, 114, 51)] = _0x0012._0x0013(255, 255, 255);
_0x0007[string.char(40, 49, 51, 57, 32, 45, 32, 56, 53, 41)][string.char(70, 111, 110, 116, 70, 97, 99, 101)] = _0x0024._0x000b([[_0x0025://_0x0026/_0x0027/_0x0028._0x0029]], _0x000e._0x002a._0x002b, _0x000e._0x002c._0x002d);
_0x0007[string.char(53, 52)][string.char(67, 108, 101, 97, 114, 84, 101, 120, 116, 79, 110, 70, 111, 99, 117, 115)] = false;
_0x0007[string.char(40, 49, 49, 51, 32, 45, 32, 53, 57, 41)][string.char(80, 108, 97, 99, 101, 104, 111, 108, 100, 101, 114, 84, 101, 120, 116)] = [[_0x003d (_0x003e)]];
_0x0007[string.char(40, 55, 49, 32, 45, 32, 49, 55, 41)][string.char(83, 105, 122, 101)] = _0x0014._0x000b(0, 199, 0, 52);
_0x0007[string.char(40, 50, 49, 54, 32, 47, 32, 52, 41)][string.char(80, 111, 115, 105, 116, 105, 111, 110)] = _0x0014._0x000b(0.03286, 0, 0.05172, 0);
_0x0007[string.char(40, 50, 49, 54, 32, 47, 32, 52, 41)][string.char(66, 111, 114, 100, 101, 114, 67, 111, 108, 111, 114, 51)] = _0x0012._0x0013(0, 0, 0);
_0x0007[string.char(40, 54, 54, 32, 45, 32, 49, 50, 41)][string.char(84, 101, 120, 116)] = [[5]];
_0x0007[string.char(53, 52)][string.char(66, 97, 99, 107, 103, 114, 111, 117, 110, 100, 84, 114, 97, 110, 115, 112, 97, 114, 101, 110, 99, 121)] = 1;
_0x0007[string.char(40, 50, 55, 32, 43, 32, 50, 56, 41)] = _0x000a._0x000b(string.char(85, 73, 67, 111, 114, 110, 101, 114), _0x0007[string.char(53, 52)]);
_0x0007[string.char(53, 53)][string.char(67, 111, 114, 110, 101, 114, 82, 97, 100, 105, 117, 115)] = _0x0016._0x000b(0, (10 + 10));
_0x0007[string.char(40, 50, 56, 32, 43, 32, 50, 56, 41)] = _0x000a._0x000b(string.char(85, 73, 83, 116, 114, 111, 107, 101), _0x0007[string.char(40, 50, 55, 32, 43, 32, 50, 55, 41)]);
_0x0007[string.char(53, 54)][string.char(84, 104, 105, 99, 107, 110, 101, 115, 115)] = 1.5;
_0x0007[string.char(40, 50, 56, 32, 43, 32, 50, 56, 41)][string.char(67, 111, 108, 111, 114)] = _0x0012._0x0013((765 / 3), 255, 255);
_0x0007[string.char(40, 50, 50, 56, 32, 47, 32, 52, 41)] = _0x000a._0x000b(string.char(85, 73, 71, 114, 97, 100, 105, 101, 110, 116), _0x0007[string.char(53, 52)]);
_0x0007[string.char(53, 55)][string.char(82, 111, 116, 97, 116, 105, 111, 110)] = 45;
_0x0007[string.char(53, 55)][string.char(67, 111, 108, 111, 114)] = _0x0020._0x000b{_0x0021._0x000b(0.000, _0x0012._0x0013((765 / 3), (252 - 25), 181)),_0x0021._0x000b(1.000, _0x0012._0x0013((185 - 76), 163, 163))};
_0x0007[string.char(40, 55, 56, 32, 45, 32, 50, 48, 41)] = _0x000a._0x000b(string.char(70, 114, 97, 109, 101), _0x0007[string.char(51, 97)]);
_0x0007[string.char(53, 56)][string.char(66, 111, 114, 100, 101, 114, 83, 105, 122, 101, 80, 105, 120, 101, 108)] = 0;
_0x0007[string.char(40, 49, 53, 55, 32, 45, 32, 57, 57, 41)][string.char(66, 97, 99, 107, 103, 114, 111, 117, 110, 100, 67, 111, 108, 111, 114, 51)] = _0x0012._0x0013(255, (302 - 47), 255);
_0x0007[string.char(40, 49, 49, 54, 32, 47, 32, 50, 41)][string.char(83, 105, 122, 101)] = _0x0014._0x000b(0, (200 / 2), 0, 117);
_0x0007[string.char(53, 56)][string.char(66, 111, 114, 100, 101, 114, 67, 111, 108, 111, 114, 51)] = _0x0012._0x0013(0, 0, 0);
_0x0007[string.char(40, 50, 57, 32, 43, 32, 50, 57, 41)][string.char(78, 97, 109, 101)] = [[_0x0048]];
_0x0007[string.char(53, 56)][string.char(66, 97, 99, 107, 103, 114, 111, 117, 110, 100, 84, 114, 97, 110, 115, 112, 97, 114, 101, 110, 99, 121)] = 1;
_0x0007[string.char(40, 50, 51, 54, 32, 47, 32, 52, 41)] = _0x000a._0x000b(string.char(70, 114, 97, 109, 101), _0x0007[string.char(53, 56)]);
_0x0007[string.char(53, 57)][string.char(66, 111, 114, 100, 101, 114, 83, 105, 122, 101, 80, 105, 120, 101, 108)] = 0;
_0x0007[string.char(53, 57)][string.char(66, 97, 99, 107, 103, 114, 111, 117, 110, 100, 67, 111, 108, 111, 114, 51)] = _0x0012._0x0013(255, (765 / 3), 255);
_0x0007[string.char(40, 50, 57, 32, 43, 32, 51, 48, 41)][string.char(83, 105, 122, 101)] = _0x0014._0x000b(5.57, 0, 0.8547, 0);
_0x0007[string.char(53, 57)][string.char(80, 111, 115, 105, 116, 105, 111, 110)] = _0x0014._0x000b(0.16, 0, 0.05044, 0);
_0x0007[string.char(40, 49, 52, 54, 32, 45, 32, 56, 55, 41)][string.char(66, 111, 114, 100, 101, 114, 67, 111, 108, 111, 114, 51)] = _0x0012._0x0013(0, 0, 0);
_0x0007[string.char(40, 49, 49, 56, 32, 47, 32, 50, 41)][string.char(78, 97, 109, 101)] = [[_0x0050]];
_0x0007[string.char(53, 97)] = _0x000a._0x000b(string.char(85, 73, 83, 116, 114, 111, 107, 101), _0x0007[string.char(53, 57)]);
_0x0007[string.char(53, 97)][string.char(84, 104, 105, 99, 107, 110, 101, 115, 115)] = (60 - 56);
_0x0007[string.char(53, 97)][string.char(67, 111, 108, 111, 114)] = _0x0012._0x0013((765 / 3), 255, (127 + 128));
_0x0007[string.char(53, 98)] = _0x000a._0x000b(string.char(85, 73, 71, 114, 97, 100, 105, 101, 110, 116), _0x0007[string.char(40, 50, 57, 32, 43, 32, 51, 48, 41)]);
_0x0007[string.char(53, 98)][string.char(82, 111, 116, 97, 116, 105, 111, 110)] = (180 / 4);
_0x0007[string.char(53, 98)][string.char(67, 111, 108, 111, 114)] = _0x0020._0x000b{_0x0021._0x000b(0.000, _0x0012._0x0013(86, 86, 128)),_0x0021._0x000b(1.000, _0x0012._0x0013(0, (123 - 28), (71 + 71)))};
_0x0007[string.char(53, 99)] = _0x000a._0x000b(string.char(85, 73, 67, 111, 114, 110, 101, 114), _0x0007[string.char(40, 49, 55, 55, 32, 47, 32, 51, 41)]);
_0x0007[string.char(53, 99)][string.char(67, 111, 114, 110, 101, 114, 82, 97, 100, 105, 117, 115)] = _0x0016._0x000b(0, (10 + 10));
_0x0007[string.char(53, 100)] = _0x000a._0x000b(string.char(70, 114, 97, 109, 101), _0x0007[string.char(53, 56)]);
_0x0007[string.char(53, 100)][string.char(66, 111, 114, 100, 101, 114, 83, 105, 122, 101, 80, 105, 120, 101, 108)] = 0;
_0x0007[string.char(53, 100)][string.char(66, 97, 99, 107, 103, 114, 111, 117, 110, 100, 67, 111, 108, 111, 114, 51)] = _0x0012._0x0013((245 - 32), 0, 0);
_0x0007[string.char(53, 100)][string.char(83, 105, 122, 101)] = _0x0014._0x000b(1.37, 0, 0.42735, 0);
_0x0007[string.char(53, 100)][string.char(80, 111, 115, 105, 116, 105, 111, 110)] = _0x0014._0x000b(1.02642, 0, 0.40728, 0);
_0x0007[string.char(53, 100)][string.char(66, 111, 114, 100, 101, 114, 67, 111, 108, 111, 114, 51)] = _0x0012._0x0013(0, 0, 0);
_0x0007[string.char(53, 100)][string.char(78, 97, 109, 101)] = [[_0x0052]];
_0x0007[string.char(53, 100)]:_0x0038([[_0x0040]], false);
_0x0007[string.char(53, 100)]:_0x0038([[_0x0039]], [[_0x003f]]);
_0x0007[string.char(53, 100)]:_0x0038([[_0x0041]], false);
_0x0004:_0x003b(_0x0007[string.char(53, 100)], [[_0x003c]]);
_0x0007[string.char(53, 101)] = _0x000a._0x000b(string.char(85, 73, 83, 116, 114, 111, 107, 101), _0x0007[string.char(53, 100)]);
_0x0007[string.char(53, 101)][string.char(84, 114, 97, 110, 115, 112, 97, 114, 101, 110, 99, 121)] = 0.5;
_0x0007[string.char(53, 101)][string.char(84, 104, 105, 99, 107, 110, 101, 115, 115)] = 2;
_0x0007[string.char(53, 101)][string.char(67, 111, 108, 111, 114)] = _0x0012._0x0013(255, 255, 255);
_0x0007[string.char(53, 102)] = _0x000a._0x000b(string.char(85, 73, 67, 111, 114, 110, 101, 114), _0x0007[string.char(53, 100)]);
_0x0007[string.char(53, 102)][string.char(67, 111, 114, 110, 101, 114, 82, 97, 100, 105, 117, 115)] = _0x0016._0x000b(0, 20);
_0x0007[string.char(40, 56, 55, 32, 45, 32, 50, 55, 41)] = _0x000a._0x000b(string.char(70, 114, 97, 109, 101), _0x0007[string.char(53, 100)]);
_0x0007[string.char(54, 48)][string.char(86, 105, 115, 105, 98, 108, 101)] = false;
_0x0007[string.char(40, 49, 49, 52, 32, 45, 32, 53, 52, 41)][string.char(66, 111, 114, 100, 101, 114, 83, 105, 122, 101, 80, 105, 120, 101, 108)] = 0;
_0x0007[string.char(54, 48)][string.char(66, 97, 99, 107, 103, 114, 111, 117, 110, 100, 67, 111, 108, 111, 114, 51)] = _0x0012._0x0013((345 - 90), 255, (127 + 128));
_0x0007[string.char(40, 51, 48, 32, 43, 32, 51, 48, 41)][string.char(83, 105, 122, 101)] = _0x0014._0x000b(0, 42, 0, (69 - 33));
_0x0007[string.char(54, 48)][string.char(80, 111, 115, 105, 116, 105, 111, 110)] = _0x0014._0x000b(0.62788, 0, 0.11556, 0);
_0x0007[string.char(54, 48)][string.char(66, 111, 114, 100, 101, 114, 67, 111, 108, 111, 114, 51)] = _0x0012._0x0013(0, 0, 0);
_0x0007[string.char(40, 51, 48, 32, 43, 32, 51, 48, 41)][string.char(78, 97, 109, 101)] = [[_0x0043]];
_0x0007[string.char(54, 49)] = _0x000a._0x000b(string.char(85, 73, 83, 116, 114, 111, 107, 101), _0x0007[string.char(40, 55, 54, 32, 45, 32, 49, 54, 41)]);
_0x0007[string.char(40, 49, 50, 50, 32, 47, 32, 50, 41)][string.char(84, 104, 105, 99, 107, 110, 101, 115, 115)] = (2 + 2);
_0x0007[string.char(40, 51, 48, 32, 43, 32, 51, 49, 41)][string.char(67, 111, 108, 111, 114)] = _0x0012._0x0013(255, (127 + 128), 255);
_0x0007[string.char(40, 50, 52, 56, 32, 47, 32, 52, 41)] = _0x000a._0x000b(string.char(85, 73, 71, 114, 97, 100, 105, 101, 110, 116), _0x0007[string.char(54, 48)]);
_0x0007[string.char(40, 49, 50, 55, 32, 45, 32, 54, 53, 41)][string.char(82, 111, 116, 97, 116, 105, 111, 110)] = 45;
_0x0007[string.char(40, 49, 50, 52, 32, 47, 32, 50, 41)][string.char(67, 111, 108, 111, 114)] = _0x0020._0x000b{_0x0021._0x000b(0.000, _0x0012._0x0013(0, 0, 0)),_0x0021._0x000b(1.000, _0x0012._0x0013((121 - 37), (118 - 34), (171 - 87)))};
_0x0007[string.char(54, 51)] = _0x000a._0x000b(string.char(85, 73, 67, 111, 114, 110, 101, 114), _0x0007[string.char(54, 48)]);
_0x0007[string.char(54, 51)][string.char(67, 111, 114, 110, 101, 114, 82, 97, 100, 105, 117, 115)] = _0x0016._0x000b(0, 20);
_0x0007[string.char(40, 57, 49, 32, 45, 32, 50, 55, 41)] = _0x000a._0x000b(string.char(70, 114, 97, 109, 101), _0x0007[string.char(53, 100)]);
_0x0007[string.char(54, 52)][string.char(86, 105, 115, 105, 98, 108, 101)] = false;
_0x0007[string.char(40, 51, 50, 32, 43, 32, 51, 50, 41)][string.char(66, 111, 114, 100, 101, 114, 83, 105, 122, 101, 80, 105, 120, 101, 108)] = 0;
_0x0007[string.char(40, 49, 49, 48, 32, 45, 32, 52, 54, 41)][string.char(66, 97, 99, 107, 103, 114, 111, 117, 110, 100, 67, 111, 108, 111, 114, 51)] = _0x0012._0x0013(255, (765 / 3), 255);
_0x0007[string.char(54, 52)][string.char(83, 105, 122, 101)] = _0x0014._0x000b(0, (168 / 4), 0, (72 / 2));
_0x0007[string.char(54, 52)][string.char(80, 111, 115, 105, 116, 105, 111, 110)] = _0x0014._0x000b(0.05854, 0, 0.11556, 0);
_0x0007[string.char(40, 51, 50, 32, 43, 32, 51, 50, 41)][string.char(66, 111, 114, 100, 101, 114, 67, 111, 108, 111, 114, 51)] = _0x0012._0x0013(0, 0, 0);
_0x0007[string.char(54, 52)][string.char(78, 97, 109, 101)] = [[_0x0042]];
_0x0007[string.char(40, 49, 51, 48, 32, 45, 32, 54, 53, 41)] = _0x000a._0x000b(string.char(85, 73, 83, 116, 114, 111, 107, 101), _0x0007[string.char(54, 52)]);
_0x0007[string.char(40, 51, 50, 32, 43, 32, 51, 51, 41)][string.char(84, 104, 105, 99, 107, 110, 101, 115, 115)] = (2 + 2);
_0x0007[string.char(54, 53)][string.char(67, 111, 108, 111, 114)] = _0x0012._0x0013((1020 / 4), 255, 255);
_0x0007[string.char(54, 54)] = _0x000a._0x000b(string.char(85, 73, 67, 111, 114, 110, 101, 114), _0x0007[string.char(54, 52)]);
_0x0007[string.char(54, 54)][string.char(67, 111, 114, 110, 101, 114, 82, 97, 100, 105, 117, 115)] = _0x0016._0x000b(0, (10 + 10));
_0x0007[string.char(40, 51, 51, 32, 43, 32, 51, 52, 41)] = _0x000a._0x000b(string.char(85, 73, 71, 114, 97, 100, 105, 101, 110, 116), _0x0007[string.char(54, 52)]);
_0x0007[string.char(40, 51, 51, 32, 43, 32, 51, 52, 41)][string.char(82, 111, 116, 97, 116, 105, 111, 110)] = (90 / 2);
_0x0007[string.char(40, 49, 50, 49, 32, 45, 32, 53, 52, 41)][string.char(67, 111, 108, 111, 114)] = _0x0020._0x000b{_0x0021._0x000b(0.000, _0x0012._0x0013(0, 0, 0)),_0x0021._0x000b(1.000, _0x0012._0x0013((168 / 2), (155 - 71), 84))};
_0x0007[string.char(54, 56)] = _0x000a._0x000b(string.char(84, 101, 120, 116, 66, 117, 116, 116, 111, 110), _0x0007[string.char(53, 100)]);
_0x0007[string.char(40, 51, 52, 32, 43, 32, 51, 52, 41)][string.char(66, 111, 114, 100, 101, 114, 83, 105, 122, 101, 80, 105, 120, 101, 108)] = 0;
_0x0007[string.char(54, 56)][string.char(84, 101, 120, 116, 83, 105, 122, 101)] = 14;
_0x0007[string.char(40, 49, 51, 54, 32, 47, 32, 50, 41)][string.char(84, 101, 120, 116, 67, 111, 108, 111, 114, 51)] = _0x0012._0x0013(0, 0, 0);
_0x0007[string.char(40, 50, 48, 52, 32, 47, 32, 51, 41)][string.char(66, 97, 99, 107, 103, 114, 111, 117, 110, 100, 67, 111, 108, 111, 114, 51)] = _0x0012._0x0013(255, 255, 255);
_0x0007[string.char(54, 56)][string.char(70, 111, 110, 116, 70, 97, 99, 101)] = _0x0024._0x000b([[_0x0025://_0x0026/_0x0027/_0x0028._0x0029]], _0x000e._0x002a._0x002b, _0x000e._0x002c._0x002d);
_0x0007[string.char(54, 56)][string.char(66, 97, 99, 107, 103, 114, 111, 117, 110, 100, 84, 114, 97, 110, 115, 112, 97, 114, 101, 110, 99, 121)] = 1;
_0x0007[string.char(54, 56)][string.char(83, 105, 122, 101)] = _0x0014._0x000b(0, (411 / 3), 0, 50);
_0x0007[string.char(54, 56)][string.char(66, 111, 114, 100, 101, 114, 67, 111, 108, 111, 114, 51)] = _0x0012._0x0013(0, 0, 0);
_0x0007[string.char(54, 56)][string.char(84, 101, 120, 116)] = [[]];
_0x0007[string.char(40, 49, 50, 48, 32, 45, 32, 53, 50, 41)][string.char(78, 97, 109, 101)] = [[_0x0044]];
_0x0007[string.char(54, 56)][string.char(80, 111, 115, 105, 116, 105, 111, 110)] = _0x0014._0x000b(-0.00358, 0, -0.0065, 0);
_0x0007[string.char(40, 51, 52, 32, 43, 32, 51, 53, 41)] = _0x000a._0x000b(string.char(84, 101, 120, 116, 76, 97, 98, 101, 108), _0x0007[string.char(53, 56)]);
_0x0007[string.char(40, 50, 55, 54, 32, 47, 32, 52, 41)][string.char(84, 101, 120, 116, 87, 114, 97, 112, 112, 101, 100)] = true;
_0x0007[string.char(54, 57)][string.char(66, 111, 114, 100, 101, 114, 83, 105, 122, 101, 80, 105, 120, 101, 108)] = 0;
_0x0007[string.char(54, 57)][string.char(84, 101, 120, 116, 83, 105, 122, 101)] = (93 - 79);
_0x0007[string.char(54, 57)][string.char(84, 101, 120, 116, 83, 99, 97, 108, 101, 100)] = true;
_0x0007[string.char(40, 50, 48, 55, 32, 47, 32, 51, 41)][string.char(66, 97, 99, 107, 103, 114, 111, 117, 110, 100, 67, 111, 108, 111, 114, 51)] = _0x0012._0x0013(255, (1020 / 4), (510 / 2));
_0x0007[string.char(40, 55, 57, 32, 45, 32, 49, 48, 41)][string.char(70, 111, 110, 116, 70, 97, 99, 101)] = _0x0024._0x000b([[_0x0025://_0x0026/_0x0027/_0x0028._0x0029]], _0x000e._0x002a._0x002b, _0x000e._0x002c._0x002d);
_0x0007[string.char(54, 57)][string.char(84, 101, 120, 116, 67, 111, 108, 111, 114, 51)] = _0x0012._0x0013(255, 255, 255);
_0x0007[string.char(54, 57)][string.char(66, 97, 99, 107, 103, 114, 111, 117, 110, 100, 84, 114, 97, 110, 115, 112, 97, 114, 101, 110, 99, 121)] = 1;
_0x0007[string.char(40, 51, 52, 32, 43, 32, 51, 53, 41)][string.char(83, 105, 122, 101)] = _0x0014._0x000b(1.53, 0, 0.42735, 0);
_0x0007[string.char(54, 57)][string.char(66, 111, 114, 100, 101, 114, 67, 111, 108, 111, 114, 51)] = _0x0012._0x0013(0, 0, 0);
_0x0007[string.char(40, 51, 52, 32, 43, 32, 51, 53, 41)][string.char(84, 101, 120, 116)] = [[_0x0048]];
_0x0007[string.char(54, 57)][string.char(78, 97, 109, 101)] = [[_0x0051]];
_0x0007[string.char(54, 57)][string.char(80, 111, 115, 105, 116, 105, 111, 110)] = _0x0014._0x000b(-0.18, 0, 0.25788, 0);
_0x0007[string.char(54, 97)] = _0x000a._0x000b(string.char(85, 73, 71, 114, 97, 100, 105, 101, 110, 116), _0x0007[string.char(54, 57)]);
_0x0007[string.char(54, 97)][string.char(82, 111, 116, 97, 116, 105, 111, 110)] = 45;
_0x0007[string.char(54, 97)][string.char(67, 111, 108, 111, 114)] = _0x0020._0x000b{_0x0021._0x000b(0.000, _0x0012._0x0013(255, 227, (218 - 37))),_0x0021._0x000b(1.000, _0x0012._0x0013((436 / 4), (81 + 82), (81 + 82)))};
_0x0007[string.char(54, 98)] = _0x000a._0x000b(string.char(85, 73, 83, 116, 114, 111, 107, 101), _0x0007[string.char(54, 57)]);
_0x0007[string.char(54, 98)][string.char(84, 104, 105, 99, 107, 110, 101, 115, 115)] = 1.5;
_0x0007[string.char(54, 98)][string.char(67, 111, 108, 111, 114)] = _0x0012._0x0013(255, (765 / 3), (319 - 64));
_0x0007[string.char(54, 99)] = _0x000a._0x000b(string.char(70, 114, 97, 109, 101), _0x0007[string.char(40, 50, 51, 50, 32, 47, 32, 52, 41)]);
_0x0007[string.char(54, 99)][string.char(66, 111, 114, 100, 101, 114, 83, 105, 122, 101, 80, 105, 120, 101, 108)] = 0;
_0x0007[string.char(54, 99)][string.char(66, 97, 99, 107, 103, 114, 111, 117, 110, 100, 67, 111, 108, 111, 114, 51)] = _0x0012._0x0013((852 / 4), 0, 0);
_0x0007[string.char(54, 99)][string.char(83, 105, 122, 101)] = _0x0014._0x000b(1.37, 0, 0.42735, 0);
_0x0007[string.char(54, 99)][string.char(80, 111, 115, 105, 116, 105, 111, 110)] = _0x0014._0x000b(2.54642, 0, 0.39873, 0);
_0x0007[string.char(54, 99)][string.char(66, 111, 114, 100, 101, 114, 67, 111, 108, 111, 114, 51)] = _0x0012._0x0013(0, 0, 0);
_0x0007[string.char(54, 99)][string.char(78, 97, 109, 101)] = [[_0x0053]];
_0x0007[string.char(54, 99)]:_0x0038([[_0x0040]], false);
_0x0007[string.char(54, 99)]:_0x0038([[_0x0039]], [[_0x003f]]);
_0x0007[string.char(54, 99)]:_0x0038([[_0x0041]], false);
_0x0004:_0x003b(_0x0007[string.char(54, 99)], [[_0x003c]]);
_0x0007[string.char(54, 100)] = _0x000a._0x000b(string.char(85, 73, 83, 116, 114, 111, 107, 101), _0x0007[string.char(54, 99)]);
_0x0007[string.char(54, 100)][string.char(84, 114, 97, 110, 115, 112, 97, 114, 101, 110, 99, 121)] = 0.5;
_0x0007[string.char(54, 100)][string.char(84, 104, 105, 99, 107, 110, 101, 115, 115)] = 2;
_0x0007[string.char(54, 100)][string.char(67, 111, 108, 111, 114)] = _0x0012._0x0013(255, 255, (765 / 3));
_0x0007[string.char(54, 101)] = _0x000a._0x000b(string.char(85, 73, 67, 111, 114, 110, 101, 114), _0x0007[string.char(54, 99)]);
_0x0007[string.char(54, 101)][string.char(67, 111, 114, 110, 101, 114, 82, 97, 100, 105, 117, 115)] = _0x0016._0x000b(0, 20);
_0x0007[string.char(54, 102)] = _0x000a._0x000b(string.char(70, 114, 97, 109, 101), _0x0007[string.char(54, 99)]);
_0x0007[string.char(54, 102)][string.char(86, 105, 115, 105, 98, 108, 101)] = false;
_0x0007[string.char(54, 102)][string.char(66, 111, 114, 100, 101, 114, 83, 105, 122, 101, 80, 105, 120, 101, 108)] = 0;
_0x0007[string.char(54, 102)][string.char(66, 97, 99, 107, 103, 114, 111, 117, 110, 100, 67, 111, 108, 111, 114, 51)] = _0x0012._0x0013((127 + 128), 255, (127 + 128));
_0x0007[string.char(54, 102)][string.char(83, 105, 122, 101)] = _0x0014._0x000b(0, (21 + 21), 0, (144 / 4));
_0x0007[string.char(54, 102)][string.char(80, 111, 115, 105, 116, 105, 111, 110)] = _0x0014._0x000b(0.62788, 0, 0.11556, 0);
_0x0007[string.char(54, 102)][string.char(66, 111, 114, 100, 101, 114, 67, 111, 108, 111, 114, 51)] = _0x0012._0x0013(0, 0, 0);
_0x0007[string.char(54, 102)][string.char(78, 97, 109, 101)] = [[_0x0043]];
_0x0007[string.char(40, 49, 52, 48, 32, 47, 32, 50, 41)] = _0x000a._0x000b(string.char(85, 73, 83, 116, 114, 111, 107, 101), _0x0007[string.char(54, 102)]);
_0x0007[string.char(40, 50, 49, 48, 32, 47, 32, 51, 41)][string.char(84, 104, 105, 99, 107, 110, 101, 115, 115)] = (16 / 4);
_0x0007[string.char(55, 48)][string.char(67, 111, 108, 111, 114)] = _0x0012._0x0013((343 - 88), 255, 255);
_0x0007[string.char(40, 50, 49, 51, 32, 47, 32, 51, 41)] = _0x000a._0x000b(string.char(85, 73, 71, 114, 97, 100, 105, 101, 110, 116), _0x0007[string.char(54, 102)]);
_0x0007[string.char(40, 51, 53, 32, 43, 32, 51, 54, 41)][string.char(82, 111, 116, 97, 116, 105, 111, 110)] = (180 / 4);
_0x0007[string.char(55, 49)][string.char(67, 111, 108, 111, 114)] = _0x0020._0x000b{_0x0021._0x000b(0.000, _0x0012._0x0013(0, 0, 0)),_0x0021._0x000b(1.000, _0x0012._0x0013(84, 84, 84))};
_0x0007[string.char(55, 50)] = _0x000a._0x000b(string.char(85, 73, 67, 111, 114, 110, 101, 114), _0x0007[string.char(54, 102)]);
_0x0007[string.char(40, 50, 49, 54, 32, 47, 32, 51, 41)][string.char(67, 111, 114, 110, 101, 114, 82, 97, 100, 105, 117, 115)] = _0x0016._0x000b(0, (60 / 3));
_0x0007[string.char(40, 51, 54, 32, 43, 32, 51, 55, 41)] = _0x000a._0x000b(string.char(70, 114, 97, 109, 101), _0x0007[string.char(54, 99)]);
_0x0007[string.char(40, 49, 52, 54, 32, 47, 32, 50, 41)][string.char(86, 105, 115, 105, 98, 108, 101)] = false;
_0x0007[string.char(40, 51, 54, 32, 43, 32, 51, 55, 41)][string.char(66, 111, 114, 100, 101, 114, 83, 105, 122, 101, 80, 105, 120, 101, 108)] = 0;
_0x0007[string.char(40, 51, 54, 32, 43, 32, 51, 55, 41)][string.char(66, 97, 99, 107, 103, 114, 111, 117, 110, 100, 67, 111, 108, 111, 114, 51)] = _0x0012._0x0013(255, 255, 255);
_0x0007[string.char(55, 51)][string.char(83, 105, 122, 101)] = _0x0014._0x000b(0, (168 / 4), 0, (144 / 4));
_0x0007[string.char(40, 49, 52, 54, 32, 47, 32, 50, 41)][string.char(80, 111, 115, 105, 116, 105, 111, 110)] = _0x0014._0x000b(0.05854, 0, 0.11556, 0);
_0x0007[string.char(40, 50, 49, 57, 32, 47, 32, 51, 41)][string.char(66, 111, 114, 100, 101, 114, 67, 111, 108, 111, 114, 51)] = _0x0012._0x0013(0, 0, 0);
_0x0007[string.char(40, 49, 54, 54, 32, 45, 32, 57, 51, 41)][string.char(78, 97, 109, 101)] = [[_0x0042]];
_0x0007[string.char(40, 50, 50, 50, 32, 47, 32, 51, 41)] = _0x000a._0x000b(string.char(85, 73, 83, 116, 114, 111, 107, 101), _0x0007[string.char(40, 51, 54, 32, 43, 32, 51, 55, 41)]);
_0x0007[string.char(40, 51, 55, 32, 43, 32, 51, 55, 41)][string.char(84, 104, 105, 99, 107, 110, 101, 115, 115)] = 4;
_0x0007[string.char(55, 52)][string.char(67, 111, 108, 111, 114)] = _0x0012._0x0013(255, (127 + 128), (1020 / 4));
_0x0007[string.char(40, 49, 53, 48, 32, 47, 32, 50, 41)] = _0x000a._0x000b(string.char(85, 73, 67, 111, 114, 110, 101, 114), _0x0007[string.char(55, 51)]);
_0x0007[string.char(55, 53)][string.char(67, 111, 114, 110, 101, 114, 82, 97, 100, 105, 117, 115)] = _0x0016._0x000b(0, (82 - 62));
_0x0007[string.char(55, 54)] = _0x000a._0x000b(string.char(85, 73, 71, 114, 97, 100, 105, 101, 110, 116), _0x0007[string.char(40, 49, 52, 54, 32, 47, 32, 50, 41)]);
_0x0007[string.char(40, 56, 54, 32, 45, 32, 49, 48, 41)][string.char(82, 111, 116, 97, 116, 105, 111, 110)] = 45;
_0x0007[string.char(40, 51, 56, 32, 43, 32, 51, 56, 41)][string.char(67, 111, 108, 111, 114)] = _0x0020._0x000b{_0x0021._0x000b(0.000, _0x0012._0x0013(0, 0, 0)),_0x0021._0x000b(1.000, _0x0012._0x0013((42 + 42), (42 + 42), (148 - 64)))};
_0x0007[string.char(40, 50, 51, 49, 32, 47, 32, 51, 41)] = _0x000a._0x000b(string.char(84, 101, 120, 116, 66, 117, 116, 116, 111, 110), _0x0007[string.char(54, 99)]);
_0x0007[string.char(40, 51, 56, 32, 43, 32, 51, 57, 41)][string.char(66, 111, 114, 100, 101, 114, 83, 105, 122, 101, 80, 105, 120, 101, 108)] = 0;
_0x0007[string.char(40, 57, 54, 32, 45, 32, 49, 57, 41)][string.char(84, 101, 120, 116, 83, 105, 122, 101)] = (42 / 3);
_0x0007[string.char(40, 51, 48, 56, 32, 47, 32, 52, 41)][string.char(84, 101, 120, 116, 67, 111, 108, 111, 114, 51)] = _0x0012._0x0013(0, 0, 0);
_0x0007[string.char(40, 51, 56, 32, 43, 32, 51, 57, 41)][string.char(66, 97, 99, 107, 103, 114, 111, 117, 110, 100, 67, 111, 108, 111, 114, 51)] = _0x0012._0x0013((127 + 128), (270 - 15), 255);
_0x0007[string.char(55, 55)][string.char(70, 111, 110, 116, 70, 97, 99, 101)] = _0x0024._0x000b([[_0x0025://_0x0026/_0x0027/_0x0028._0x0029]], _0x000e._0x002a._0x002b, _0x000e._0x002c._0x002d);
_0x0007[string.char(40, 51, 56, 32, 43, 32, 51, 57, 41)][string.char(66, 97, 99, 107, 103, 114, 111, 117, 110, 100, 84, 114, 97, 110, 115, 112, 97, 114, 101, 110, 99, 121)] = 1;
_0x0007[string.char(40, 49, 53, 52, 32, 47, 32, 50, 41)][string.char(83, 105, 122, 101)] = _0x0014._0x000b(0, 137, 0, (25 + 25));
_0x0007[string.char(55, 55)][string.char(66, 111, 114, 100, 101, 114, 67, 111, 108, 111, 114, 51)] = _0x0012._0x0013(0, 0, 0);
_0x0007[string.char(55, 55)][string.char(84, 101, 120, 116)] = [[]];
_0x0007[string.char(55, 55)][string.char(78, 97, 109, 101)] = [[_0x0044]];
_0x0007[string.char(55, 55)][string.char(80, 111, 115, 105, 116, 105, 111, 110)] = _0x0014._0x000b(-0.00358, 0, -0.0065, 0);
_0x0007[string.char(55, 56)] = _0x000a._0x000b(string.char(84, 101, 120, 116, 76, 97, 98, 101, 108), _0x0007[string.char(40, 56, 54, 32, 45, 32, 50, 56, 41)]);
_0x0007[string.char(55, 56)][string.char(84, 101, 120, 116, 87, 114, 97, 112, 112, 101, 100)] = true;
_0x0007[string.char(55, 56)][string.char(66, 111, 114, 100, 101, 114, 83, 105, 122, 101, 80, 105, 120, 101, 108)] = 0;
_0x0007[string.char(55, 56)][string.char(84, 101, 120, 116, 83, 105, 122, 101)] = (28 / 2);
_0x0007[string.char(40, 49, 50, 54, 32, 45, 32, 52, 56, 41)][string.char(84, 101, 120, 116, 83, 99, 97, 108, 101, 100)] = true;
_0x0007[string.char(55, 56)][string.char(66, 97, 99, 107, 103, 114, 111, 117, 110, 100, 67, 111, 108, 111, 114, 51)] = _0x0012._0x0013(255, (127 + 128), 255);
_0x0007[string.char(40, 51, 57, 32, 43, 32, 51, 57, 41)][string.char(70, 111, 110, 116, 70, 97, 99, 101)] = _0x0024._0x000b([[_0x0025://_0x0026/_0x0027/_0x0028._0x0029]], _0x000e._0x002a._0x002b, _0x000e._0x002c._0x002d);
_0x0007[string.char(55, 56)][string.char(84, 101, 120, 116, 67, 111, 108, 111, 114, 51)] = _0x0012._0x0013(255, 255, 255);
_0x0007[string.char(55, 56)][string.char(66, 97, 99, 107, 103, 114, 111, 117, 110, 100, 84, 114, 97, 110, 115, 112, 97, 114, 101, 110, 99, 121)] = 1;
_0x0007[string.char(55, 56)][string.char(83, 105, 122, 101)] = _0x0014._0x000b(1.53, 0, 0.2906, 0);
_0x0007[string.char(55, 56)][string.char(66, 111, 114, 100, 101, 114, 67, 111, 108, 111, 114, 51)] = _0x0012._0x0013(0, 0, 0);
_0x0007[string.char(55, 56)][string.char(84, 101, 120, 116)] = [[_0x0055]];
_0x0007[string.char(40, 49, 48, 57, 32, 45, 32, 51, 49, 41)][string.char(78, 97, 109, 101)] = [[_0x0054]];
_0x0007[string.char(55, 56)][string.char(80, 111, 115, 105, 116, 105, 111, 110)] = _0x0014._0x000b(0.94, 0, 0.11258, 0);
_0x0007[string.char(40, 49, 53, 56, 32, 47, 32, 50, 41)] = _0x000a._0x000b(string.char(85, 73, 71, 114, 97, 100, 105, 101, 110, 116), _0x0007[string.char(40, 51, 57, 32, 43, 32, 51, 57, 41)]);
_0x0007[string.char(55, 57)][string.char(82, 111, 116, 97, 116, 105, 111, 110)] = (22 + 23);
_0x0007[string.char(40, 51, 49, 54, 32, 47, 32, 52, 41)][string.char(67, 111, 108, 111, 114)] = _0x0020._0x000b{_0x0021._0x000b(0.000, _0x0012._0x0013(255, 227, (724 / 4))),_0x0021._0x000b(1.000, _0x0012._0x0013((436 / 4), 163, (489 / 3)))};
_0x0007[string.char(55, 97)] = _0x000a._0x000b(string.char(85, 73, 83, 116, 114, 111, 107, 101), _0x0007[string.char(40, 49, 49, 48, 32, 45, 32, 51, 50, 41)]);
_0x0007[string.char(55, 97)][string.char(84, 104, 105, 99, 107, 110, 101, 115, 115)] = 1.5;
_0x0007[string.char(55, 97)][string.char(67, 111, 108, 111, 114)] = _0x0012._0x0013(255, (299 - 44), (127 + 128));
_0x0007[string.char(55, 98)] = _0x000a._0x000b(string.char(84, 101, 120, 116, 76, 97, 98, 101, 108), _0x0007[string.char(53, 56)]);
_0x0007[string.char(55, 98)][string.char(84, 101, 120, 116, 87, 114, 97, 112, 112, 101, 100)] = true;
_0x0007[string.char(55, 98)][string.char(66, 111, 114, 100, 101, 114, 83, 105, 122, 101, 80, 105, 120, 101, 108)] = 0;
_0x0007[string.char(55, 98)][string.char(84, 101, 120, 116, 83, 105, 122, 101)] = (56 / 4);
_0x0007[string.char(55, 98)][string.char(84, 101, 120, 116, 83, 99, 97, 108, 101, 100)] = true;
_0x0007[string.char(55, 98)][string.char(66, 97, 99, 107, 103, 114, 111, 117, 110, 100, 67, 111, 108, 111, 114, 51)] = _0x0012._0x0013((285 - 30), (1020 / 4), (268 - 13));
_0x0007[string.char(55, 98)][string.char(70, 111, 110, 116, 70, 97, 99, 101)] = _0x0024._0x000b([[_0x0025://_0x0026/_0x0027/_0x0028._0x0029]], _0x000e._0x002a._0x002b, _0x000e._0x002c._0x002d);
_0x0007[string.char(55, 98)][string.char(84, 101, 120, 116, 67, 111, 108, 111, 114, 51)] = _0x0012._0x0013(255, (127 + 128), (307 - 52));
_0x0007[string.char(55, 98)][string.char(66, 97, 99, 107, 103, 114, 111, 117, 110, 100, 84, 114, 97, 110, 115, 112, 97, 114, 101, 110, 99, 121)] = 1;
_0x0007[string.char(55, 98)][string.char(83, 105, 122, 101)] = _0x0014._0x000b(1.53, 0, 0.2906, 0);
_0x0007[string.char(55, 98)][string.char(66, 111, 114, 100, 101, 114, 67, 111, 108, 111, 114, 51)] = _0x0012._0x0013(0, 0, 0);
_0x0007[string.char(55, 98)][string.char(84, 101, 120, 116)] = [[_0x0056 + _0x0057]];
_0x0007[string.char(55, 98)][string.char(78, 97, 109, 101)] = [[_0x0054]];
_0x0007[string.char(55, 98)][string.char(80, 111, 115, 105, 116, 105, 111, 110)] = _0x0014._0x000b(4.04, 0, 0.11258, 0);
_0x0007[string.char(55, 99)] = _0x000a._0x000b(string.char(85, 73, 71, 114, 97, 100, 105, 101, 110, 116), _0x0007[string.char(55, 98)]);
_0x0007[string.char(55, 99)][string.char(82, 111, 116, 97, 116, 105, 111, 110)] = 45;
_0x0007[string.char(55, 99)][string.char(67, 111, 108, 111, 114)] = _0x0020._0x000b{_0x0021._0x000b(0.000, _0x0012._0x0013((127 + 128), 227, (362 / 2))),_0x0021._0x000b(1.000, _0x0012._0x0013((54 + 55), (227 - 64), 163))};
_0x0007[string.char(55, 100)] = _0x000a._0x000b(string.char(85, 73, 83, 116, 114, 111, 107, 101), _0x0007[string.char(55, 98)]);
_0x0007[string.char(55, 100)][string.char(84, 104, 105, 99, 107, 110, 101, 115, 115)] = 1.5;
_0x0007[string.char(55, 100)][string.char(67, 111, 108, 111, 114)] = _0x0012._0x0013((127 + 128), (127 + 128), (127 + 128));
_0x0007[string.char(55, 101)] = _0x000a._0x000b(string.char(70, 114, 97, 109, 101), _0x0007[string.char(53, 56)]);
_0x0007[string.char(55, 101)][string.char(66, 111, 114, 100, 101, 114, 83, 105, 122, 101, 80, 105, 120, 101, 108)] = 0;
_0x0007[string.char(55, 101)][string.char(66, 97, 99, 107, 103, 114, 111, 117, 110, 100, 67, 111, 108, 111, 114, 51)] = _0x0012._0x0013((310 - 97), 0, 0);
_0x0007[string.char(55, 101)][string.char(83, 105, 122, 101)] = _0x0014._0x000b(1.37, 0, 0.42735, 0);
_0x0007[string.char(55, 101)][string.char(80, 111, 115, 105, 116, 105, 111, 110)] = _0x0014._0x000b(4.12642, 0, 0.39873, 0);
_0x0007[string.char(55, 101)][string.char(66, 111, 114, 100, 101, 114, 67, 111, 108, 111, 114, 51)] = _0x0012._0x0013(0, 0, 0);
_0x0007[string.char(55, 101)][string.char(78, 97, 109, 101)] = [[_0x0058]];
_0x0007[string.char(55, 101)]:_0x0038([[_0x0040]], false);
_0x0007[string.char(55, 101)]:_0x0038([[_0x0039]], [[_0x003f]]);
_0x0007[string.char(55, 101)]:_0x0038([[_0x0041]], false);
_0x0004:_0x003b(_0x0007[string.char(55, 101)], [[_0x003c]]);
_0x0007[string.char(55, 102)] = _0x000a._0x000b(string.char(85, 73, 83, 116, 114, 111, 107, 101), _0x0007[string.char(55, 101)]);
_0x0007[string.char(55, 102)][string.char(84, 114, 97, 110, 115, 112, 97, 114, 101, 110, 99, 121)] = 0.5;
_0x0007[string.char(55, 102)][string.char(84, 104, 105, 99, 107, 110, 101, 115, 115)] = 2;
_0x0007[string.char(55, 102)][string.char(67, 111, 108, 111, 114)] = _0x0012._0x0013((127 + 128), (333 - 78), (127 + 128));
_0x0007[string.char(56, 48)] = _0x000a._0x000b(string.char(85, 73, 67, 111, 114, 110, 101, 114), _0x0007[string.char(55, 101)]);
_0x0007[string.char(56, 48)][string.char(67, 111, 114, 110, 101, 114, 82, 97, 100, 105, 117, 115)] = _0x0016._0x000b(0, (60 / 3));
_0x0007[string.char(56, 49)] = _0x000a._0x000b(string.char(70, 114, 97, 109, 101), _0x0007[string.char(55, 101)]);
_0x0007[string.char(40, 52, 48, 32, 43, 32, 52, 49, 41)][string.char(86, 105, 115, 105, 98, 108, 101)] = false;
_0x0007[string.char(56, 49)][string.char(66, 111, 114, 100, 101, 114, 83, 105, 122, 101, 80, 105, 120, 101, 108)] = 0;
_0x0007[string.char(40, 49, 51, 50, 32, 45, 32, 53, 49, 41)][string.char(66, 97, 99, 107, 103, 114, 111, 117, 110, 100, 67, 111, 108, 111, 114, 51)] = _0x0012._0x0013((510 / 2), 255, 255);
_0x0007[string.char(56, 49)][string.char(83, 105, 122, 101)] = _0x0014._0x000b(0, (21 + 21), 0, (18 + 18));
_0x0007[string.char(40, 52, 48, 32, 43, 32, 52, 49, 41)][string.char(80, 111, 115, 105, 116, 105, 111, 110)] = _0x0014._0x000b(0.62788, 0, 0.11556, 0);
_0x0007[string.char(40, 52, 48, 32, 43, 32, 52, 49, 41)][string.char(66, 111, 114, 100, 101, 114, 67, 111, 108, 111, 114, 51)] = _0x0012._0x0013(0, 0, 0);
_0x0007[string.char(56, 49)][string.char(78, 97, 109, 101)] = [[_0x0043]];
_0x0007[string.char(40, 49, 48, 48, 32, 45, 32, 49, 56, 41)] = _0x000a._0x000b(string.char(85, 73, 83, 116, 114, 111, 107, 101), _0x0007[string.char(56, 49)]);
_0x0007[string.char(40, 49, 49, 56, 32, 45, 32, 51, 54, 41)][string.char(84, 104, 105, 99, 107, 110, 101, 115, 115)] = (2 + 2);
_0x0007[string.char(56, 50)][string.char(67, 111, 108, 111, 114)] = _0x0012._0x0013((274 - 19), 255, 255);
_0x0007[string.char(56, 51)] = _0x000a._0x000b(string.char(85, 73, 71, 114, 97, 100, 105, 101, 110, 116), _0x0007[string.char(56, 49)]);
_0x0007[string.char(40, 50, 52, 57, 32, 47, 32, 51, 41)][string.char(82, 111, 116, 97, 116, 105, 111, 110)] = (100 - 55);
_0x0007[string.char(40, 49, 54, 54, 32, 47, 32, 50, 41)][string.char(67, 111, 108, 111, 114)] = _0x0020._0x000b{_0x0021._0x000b(0.000, _0x0012._0x0013(0, 0, 0)),_0x0021._0x000b(1.000, _0x0012._0x0013(84, (252 / 3), (171 - 87)))};
_0x0007[string.char(56, 52)] = _0x000a._0x000b(string.char(85, 73, 67, 111, 114, 110, 101, 114), _0x0007[string.char(56, 49)]);
_0x0007[string.char(40, 52, 50, 32, 43, 32, 52, 50, 41)][string.char(67, 111, 114, 110, 101, 114, 82, 97, 100, 105, 117, 115)] = _0x0016._0x000b(0, (83 - 63));
_0x0007[string.char(56, 53)] = _0x000a._0x000b(string.char(70, 114, 97, 109, 101), _0x0007[string.char(55, 101)]);
_0x0007[string.char(40, 49, 55, 54, 32, 45, 32, 57, 49, 41)][string.char(86, 105, 115, 105, 98, 108, 101)] = false;
_0x0007[string.char(40, 52, 50, 32, 43, 32, 52, 51, 41)][string.char(66, 111, 114, 100, 101, 114, 83, 105, 122, 101, 80, 105, 120, 101, 108)] = 0;
_0x0007[string.char(56, 53)][string.char(66, 97, 99, 107, 103, 114, 111, 117, 110, 100, 67, 111, 108, 111, 114, 51)] = _0x0012._0x0013(255, 255, 255);
_0x0007[string.char(40, 49, 52, 57, 32, 45, 32, 54, 52, 41)][string.char(83, 105, 122, 101)] = _0x0014._0x000b(0, (21 + 21), 0, (144 / 4));
_0x0007[string.char(56, 53)][string.char(80, 111, 115, 105, 116, 105, 111, 110)] = _0x0014._0x000b(0.05854, 0, 0.11556, 0);
_0x0007[string.char(40, 49, 51, 56, 32, 45, 32, 53, 51, 41)][string.char(66, 111, 114, 100, 101, 114, 67, 111, 108, 111, 114, 51)] = _0x0012._0x0013(0, 0, 0);
_0x0007[string.char(56, 53)][string.char(78, 97, 109, 101)] = [[_0x0042]];
_0x0007[string.char(56, 54)] = _0x000a._0x000b(string.char(85, 73, 83, 116, 114, 111, 107, 101), _0x0007[string.char(56, 53)]);
_0x0007[string.char(56, 54)][string.char(84, 104, 105, 99, 107, 110, 101, 115, 115)] = (2 + 2);
_0x0007[string.char(40, 50, 53, 56, 32, 47, 32, 51, 41)][string.char(67, 111, 108, 111, 114)] = _0x0012._0x0013((127 + 128), 255, (1020 / 4));
_0x0007[string.char(56, 55)] = _0x000a._0x000b(string.char(85, 73, 67, 111, 114, 110, 101, 114), _0x0007[string.char(56, 53)]);
_0x0007[string.char(40, 51, 52, 56, 32, 47, 32, 52, 41)][string.char(67, 111, 114, 110, 101, 114, 82, 97, 100, 105, 117, 115)] = _0x0016._0x000b(0, (80 / 4));
_0x0007[string.char(40, 50, 54, 52, 32, 47, 32, 51, 41)] = _0x000a._0x000b(string.char(85, 73, 71, 114, 97, 100, 105, 101, 110, 116), _0x0007[string.char(56, 53)]);
_0x0007[string.char(40, 52, 52, 32, 43, 32, 52, 52, 41)][string.char(82, 111, 116, 97, 116, 105, 111, 110)] = (22 + 23);
_0x0007[string.char(56, 56)][string.char(67, 111, 108, 111, 114)] = _0x0020._0x000b{_0x0021._0x000b(0.000, _0x0012._0x0013(0, 0, 0)),_0x0021._0x000b(1.000, _0x0012._0x0013(84, (336 / 4), (42 + 42)))};
_0x0007[string.char(40, 49, 54, 54, 32, 45, 32, 55, 55, 41)] = _0x000a._0x000b(string.char(84, 101, 120, 116, 66, 117, 116, 116, 111, 110), _0x0007[string.char(55, 101)]);
_0x0007[string.char(56, 57)][string.char(66, 111, 114, 100, 101, 114, 83, 105, 122, 101, 80, 105, 120, 101, 108)] = 0;
_0x0007[string.char(40, 52, 52, 32, 43, 32, 52, 53, 41)][string.char(84, 101, 120, 116, 83, 105, 122, 101)] = (42 / 3);
_0x0007[string.char(40, 51, 53, 54, 32, 47, 32, 52, 41)][string.char(84, 101, 120, 116, 67, 111, 108, 111, 114, 51)] = _0x0012._0x0013(0, 0, 0);
_0x0007[string.char(40, 49, 55, 56, 32, 47, 32, 50, 41)][string.char(66, 97, 99, 107, 103, 114, 111, 117, 110, 100, 67, 111, 108, 111, 114, 51)] = _0x0012._0x0013(255, (320 - 65), 255);
_0x0007[string.char(56, 57)][string.char(70, 111, 110, 116, 70, 97, 99, 101)] = _0x0024._0x000b([[_0x0025://_0x0026/_0x0027/_0x0028._0x0029]], _0x000e._0x002a._0x002b, _0x000e._0x002c._0x002d);
_0x0007[string.char(56, 57)][string.char(66, 97, 99, 107, 103, 114, 111, 117, 110, 100, 84, 114, 97, 110, 115, 112, 97, 114, 101, 110, 99, 121)] = 1;
_0x0007[string.char(40, 49, 55, 56, 32, 47, 32, 50, 41)][string.char(83, 105, 122, 101)] = _0x0014._0x000b(0, 137, 0, 50);
_0x0007[string.char(56, 57)][string.char(66, 111, 114, 100, 101, 114, 67, 111, 108, 111, 114, 51)] = _0x0012._0x0013(0, 0, 0);
_0x0007[string.char(40, 49, 52, 48, 32, 45, 32, 53, 49, 41)][string.char(84, 101, 120, 116)] = [[]];
_0x0007[string.char(40, 52, 52, 32, 43, 32, 52, 53, 41)][string.char(78, 97, 109, 101)] = [[_0x0044]];
_0x0007[string.char(40, 52, 52, 32, 43, 32, 52, 53, 41)][string.char(80, 111, 115, 105, 116, 105, 111, 110)] = _0x0014._0x000b(-0.00358, 0, -0.0065, 0);
_0x0007[string.char(56, 97)] = _0x000a._0x000b(string.char(84, 101, 120, 116, 76, 97, 98, 101, 108), _0x0007[string.char(40, 49, 52, 54, 32, 45, 32, 56, 56, 41)]);
_0x0007[string.char(56, 97)][string.char(84, 101, 120, 116, 87, 114, 97, 112, 112, 101, 100)] = true;
_0x0007[string.char(56, 97)][string.char(66, 111, 114, 100, 101, 114, 83, 105, 122, 101, 80, 105, 120, 101, 108)] = 0;
_0x0007[string.char(56, 97)][string.char(84, 101, 120, 116, 83, 105, 122, 101)] = (37 - 23);
_0x0007[string.char(56, 97)][string.char(84, 101, 120, 116, 83, 99, 97, 108, 101, 100)] = true;
_0x0007[string.char(56, 97)][string.char(66, 97, 99, 107, 103, 114, 111, 117, 110, 100, 67, 111, 108, 111, 114, 51)] = _0x0012._0x0013((347 - 92), (1020 / 4), (127 + 128));
_0x0007[string.char(56, 97)][string.char(70, 111, 110, 116, 70, 97, 99, 101)] = _0x0024._0x000b([[_0x0025://_0x0026/_0x0027/_0x0028._0x0029]], _0x000e._0x002a._0x002b, _0x000e._0x002c._0x002d);
_0x0007[string.char(56, 97)][string.char(84, 101, 120, 116, 67, 111, 108, 111, 114, 51)] = _0x0012._0x0013((127 + 128), 255, 255);
_0x0007[string.char(56, 97)][string.char(66, 97, 99, 107, 103, 114, 111, 117, 110, 100, 84, 114, 97, 110, 115, 112, 97, 114, 101, 110, 99, 121)] = 1;
_0x0007[string.char(56, 97)][string.char(83, 105, 122, 101)] = _0x0014._0x000b(1.53, 0, 0.2906, 0);
_0x0007[string.char(56, 97)][string.char(66, 111, 114, 100, 101, 114, 67, 111, 108, 111, 114, 51)] = _0x0012._0x0013(0, 0, 0);
_0x0007[string.char(56, 97)][string.char(84, 101, 120, 116)] = [[_0x0059]];
_0x0007[string.char(56, 97)][string.char(78, 97, 109, 101)] = [[_0x0054]];
_0x0007[string.char(56, 97)][string.char(80, 111, 115, 105, 116, 105, 111, 110)] = _0x0014._0x000b(2.46, 0, 0.11258, 0);
_0x0007[string.char(56, 98)] = _0x000a._0x000b(string.char(85, 73, 71, 114, 97, 100, 105, 101, 110, 116), _0x0007[string.char(56, 97)]);
_0x0007[string.char(56, 98)][string.char(82, 111, 116, 97, 116, 105, 111, 110)] = 45;
_0x0007[string.char(56, 98)][string.char(67, 111, 108, 111, 114)] = _0x0020._0x000b{_0x0021._0x000b(0.000, _0x0012._0x0013(255, 227, 181)),_0x0021._0x000b(1.000, _0x0012._0x0013(109, (652 / 4), (177 - 14)))};
_0x0007[string.char(56, 99)] = _0x000a._0x000b(string.char(85, 73, 83, 116, 114, 111, 107, 101), _0x0007[string.char(56, 97)]);
_0x0007[string.char(56, 99)][string.char(84, 104, 105, 99, 107, 110, 101, 115, 115)] = 1.5;
_0x0007[string.char(56, 99)][string.char(67, 111, 108, 111, 114)] = _0x0012._0x0013(255, (510 / 2), (127 + 128));
_0x0007[string.char(56, 100)] = _0x000a._0x000b(string.char(70, 114, 97, 109, 101), _0x0007[string.char(51, 97)]);
_0x0007[string.char(56, 100)][string.char(66, 111, 114, 100, 101, 114, 83, 105, 122, 101, 80, 105, 120, 101, 108)] = 0;
_0x0007[string.char(56, 100)][string.char(66, 97, 99, 107, 103, 114, 111, 117, 110, 100, 67, 111, 108, 111, 114, 51)] = _0x0012._0x0013((510 / 2), (286 - 31), 255);
_0x0007[string.char(56, 100)][string.char(83, 105, 122, 101)] = _0x0014._0x000b(0, 100, 0, (58 + 59));
_0x0007[string.char(56, 100)][string.char(66, 111, 114, 100, 101, 114, 67, 111, 108, 111, 114, 51)] = _0x0012._0x0013(0, 0, 0);
_0x0007[string.char(56, 100)][string.char(78, 97, 109, 101)] = [[_0x0047]];
_0x0007[string.char(56, 100)][string.char(66, 97, 99, 107, 103, 114, 111, 117, 110, 100, 84, 114, 97, 110, 115, 112, 97, 114, 101, 110, 99, 121)] = 1;
_0x0007[string.char(56, 101)] = _0x000a._0x000b(string.char(70, 114, 97, 109, 101), _0x0007[string.char(56, 100)]);
_0x0007[string.char(56, 101)][string.char(66, 111, 114, 100, 101, 114, 83, 105, 122, 101, 80, 105, 120, 101, 108)] = 0;
_0x0007[string.char(56, 101)][string.char(66, 97, 99, 107, 103, 114, 111, 117, 110, 100, 67, 111, 108, 111, 114, 51)] = _0x0012._0x0013(255, 255, (329 - 74));
_0x0007[string.char(56, 101)][string.char(83, 105, 122, 101)] = _0x0014._0x000b((11.14 / 2), 0, 0.8547, 0);
_0x0007[string.char(56, 101)][string.char(80, 111, 115, 105, 116, 105, 111, 110)] = _0x0014._0x000b(0.16, 0, 0.05044, 0);
_0x0007[string.char(56, 101)][string.char(66, 111, 114, 100, 101, 114, 67, 111, 108, 111, 114, 51)] = _0x0012._0x0013(0, 0, 0);
_0x0007[string.char(56, 101)][string.char(78, 97, 109, 101)] = [[_0x0050]];
_0x0007[string.char(56, 102)] = _0x000a._0x000b(string.char(85, 73, 83, 116, 114, 111, 107, 101), _0x0007[string.char(56, 101)]);
_0x0007[string.char(56, 102)][string.char(84, 104, 105, 99, 107, 110, 101, 115, 115)] = 4;
_0x0007[string.char(56, 102)][string.char(67, 111, 108, 111, 114)] = _0x0012._0x0013(255, 255, (127 + 128));
_0x0007[string.char(40, 49, 49, 54, 32, 45, 32, 50, 54, 41)] = _0x000a._0x000b(string.char(85, 73, 71, 114, 97, 100, 105, 101, 110, 116), _0x0007[string.char(56, 101)]);
_0x0007[string.char(40, 49, 50, 57, 32, 45, 32, 51, 57, 41)][string.char(82, 111, 116, 97, 116, 105, 111, 110)] = 45;
_0x0007[string.char(57, 48)][string.char(67, 111, 108, 111, 114)] = _0x0020._0x000b{_0x0021._0x000b(0.000, _0x0012._0x0013((172 / 2), 86, (148 - 20))),_0x0021._0x000b(1.000, _0x0012._0x0013(0, (47 + 48), 142))};
_0x0007[string.char(40, 50, 55, 51, 32, 47, 32, 51, 41)] = _0x000a._0x000b(string.char(85, 73, 67, 111, 114, 110, 101, 114), _0x0007[string.char(56, 101)]);
_0x0007[string.char(57, 49)][string.char(67, 111, 114, 110, 101, 114, 82, 97, 100, 105, 117, 115)] = _0x0016._0x000b(0, 20);
_0x0007[string.char(57, 50)] = _0x000a._0x000b(string.char(70, 114, 97, 109, 101), _0x0007[string.char(56, 100)]);
_0x0007[string.char(40, 49, 52, 52, 32, 45, 32, 53, 50, 41)][string.char(66, 111, 114, 100, 101, 114, 83, 105, 122, 101, 80, 105, 120, 101, 108)] = 0;
_0x0007[string.char(40, 51, 54, 56, 32, 47, 32, 52, 41)][string.char(66, 97, 99, 107, 103, 114, 111, 117, 110, 100, 67, 111, 108, 111, 114, 51)] = _0x0012._0x0013(0, (200 - 29), 0);
_0x0007[string.char(57, 50)][string.char(83, 105, 122, 101)] = _0x0014._0x000b(0.6, 0, 0.42735, 0);
_0x0007[string.char(57, 50)][string.char(80, 111, 115, 105, 116, 105, 111, 110)] = _0x0014._0x000b(2.11642, 0, 0.40728, 0);
_0x0007[string.char(57, 50)][string.char(66, 111, 114, 100, 101, 114, 67, 111, 108, 111, 114, 51)] = _0x0012._0x0013(0, 0, 0);
_0x0007[string.char(40, 49, 56, 52, 32, 47, 32, 50, 41)][string.char(78, 97, 109, 101)] = [[_0x005a]];
_0x0007[string.char(57, 50)]:_0x0038([[_0x0046]], false);
_0x0007[string.char(40, 49, 55, 57, 32, 45, 32, 56, 55, 41)]:_0x0038([[_0x0039]], [[_0x0045]]);
_0x0004:_0x003b(_0x0007[string.char(57, 50)], [[_0x003c]]);
_0x0007[string.char(57, 51)] = _0x000a._0x000b(string.char(85, 73, 83, 116, 114, 111, 107, 101), _0x0007[string.char(40, 52, 54, 32, 43, 32, 52, 54, 41)]);
_0x0007[string.char(57, 51)][string.char(84, 114, 97, 110, 115, 112, 97, 114, 101, 110, 99, 121)] = 0.5;
_0x0007[string.char(40, 52, 54, 32, 43, 32, 52, 55, 41)][string.char(84, 104, 105, 99, 107, 110, 101, 115, 115)] = 2;
_0x0007[string.char(40, 52, 54, 32, 43, 32, 52, 55, 41)][string.char(67, 111, 108, 111, 114)] = _0x0012._0x0013((354 - 99), (127 + 128), 255);
_0x0007[string.char(57, 52)] = _0x000a._0x000b(string.char(85, 73, 67, 111, 114, 110, 101, 114), _0x0007[string.char(57, 50)]);
_0x0007[string.char(57, 52)][string.char(67, 111, 114, 110, 101, 114, 82, 97, 100, 105, 117, 115)] = _0x0016._0x000b(0, 20);
_0x0007[string.char(40, 51, 56, 48, 32, 47, 32, 52, 41)] = _0x000a._0x000b(string.char(84, 101, 120, 116, 66, 117, 116, 116, 111, 110), _0x0007[string.char(40, 52, 54, 32, 43, 32, 52, 54, 41)]);
_0x0007[string.char(40, 52, 55, 32, 43, 32, 52, 56, 41)][string.char(66, 111, 114, 100, 101, 114, 83, 105, 122, 101, 80, 105, 120, 101, 108)] = 0;
_0x0007[string.char(57, 53)][string.char(84, 101, 120, 116, 83, 105, 122, 101)] = 14;
_0x0007[string.char(40, 49, 56, 57, 32, 45, 32, 57, 52, 41)][string.char(84, 101, 120, 116, 67, 111, 108, 111, 114, 51)] = _0x0012._0x0013(0, 0, 0);
_0x0007[string.char(57, 53)][string.char(66, 97, 99, 107, 103, 114, 111, 117, 110, 100, 67, 111, 108, 111, 114, 51)] = _0x0012._0x0013(255, 255, 255);
_0x0007[string.char(40, 49, 55, 56, 32, 45, 32, 56, 51, 41)][string.char(70, 111, 110, 116, 70, 97, 99, 101)] = _0x0024._0x000b([[_0x0025://_0x0026/_0x0027/_0x0028._0x0029]], _0x000e._0x002a._0x002b, _0x000e._0x002c._0x002d);
_0x0007[string.char(40, 52, 55, 32, 43, 32, 52, 56, 41)][string.char(66, 97, 99, 107, 103, 114, 111, 117, 110, 100, 84, 114, 97, 110, 115, 112, 97, 114, 101, 110, 99, 121)] = 1;
_0x0007[string.char(40, 49, 53, 56, 32, 45, 32, 54, 51, 41)][string.char(83, 105, 122, 101)] = _0x0014._0x000b(0, (30 + 30), 0, (150 / 3));
_0x0007[string.char(40, 49, 57, 48, 32, 47, 32, 50, 41)][string.char(66, 111, 114, 100, 101, 114, 67, 111, 108, 111, 114, 51)] = _0x0012._0x0013(0, 0, 0);
_0x0007[string.char(57, 53)][string.char(84, 101, 120, 116)] = [[]];
_0x0007[string.char(40, 52, 55, 32, 43, 32, 52, 56, 41)][string.char(78, 97, 109, 101)] = [[_0x0044]];
_0x0007[string.char(57, 53)][string.char(80, 111, 115, 105, 116, 105, 111, 110)] = _0x0014._0x000b(-0.00358, 0, -0.0065, 0);
_0x0007[string.char(40, 49, 57, 50, 32, 47, 32, 50, 41)] = _0x000a._0x000b(string.char(84, 101, 120, 116, 76, 97, 98, 101, 108), _0x0007[string.char(56, 100)]);
_0x0007[string.char(40, 50, 56, 56, 32, 47, 32, 51, 41)][string.char(84, 101, 120, 116, 87, 114, 97, 112, 112, 101, 100)] = true;
_0x0007[string.char(40, 51, 56, 52, 32, 47, 32, 52, 41)][string.char(66, 111, 114, 100, 101, 114, 83, 105, 122, 101, 80, 105, 120, 101, 108)] = 0;
_0x0007[string.char(57, 54)][string.char(84, 101, 120, 116, 83, 105, 122, 101)] = (42 / 3);
_0x0007[string.char(40, 51, 56, 52, 32, 47, 32, 52, 41)][string.char(84, 101, 120, 116, 83, 99, 97, 108, 101, 100)] = true;
_0x0007[string.char(40, 49, 51, 50, 32, 45, 32, 51, 54, 41)][string.char(66, 97, 99, 107, 103, 114, 111, 117, 110, 100, 67, 111, 108, 111, 114, 51)] = _0x0012._0x0013((765 / 3), (302 - 47), (127 + 128));
_0x0007[string.char(57, 54)][string.char(70, 111, 110, 116, 70, 97, 99, 101)] = _0x0024._0x000b([[_0x0025://_0x0026/_0x0027/_0x0028._0x0029]], _0x000e._0x002a._0x002b, _0x000e._0x002c._0x002d);
_0x0007[string.char(40, 52, 56, 32, 43, 32, 52, 56, 41)][string.char(84, 101, 120, 116, 67, 111, 108, 111, 114, 51)] = _0x0012._0x0013((325 - 70), (1020 / 4), (765 / 3));
_0x0007[string.char(57, 54)][string.char(66, 97, 99, 107, 103, 114, 111, 117, 110, 100, 84, 114, 97, 110, 115, 112, 97, 114, 101, 110, 99, 121)] = 1;
_0x0007[string.char(57, 54)][string.char(83, 105, 122, 101)] = _0x0014._0x000b(1.3, 0, 0.42735, 0);
_0x0007[string.char(40, 51, 56, 52, 32, 47, 32, 52, 41)][string.char(66, 111, 114, 100, 101, 114, 67, 111, 108, 111, 114, 51)] = _0x0012._0x0013(0, 0, 0);
_0x0007[string.char(57, 54)][string.char(84, 101, 120, 116)] = [[_0x005b]];
_0x0007[string.char(57, 54)][string.char(78, 97, 109, 101)] = [[_0x0051]];
_0x0007[string.char(57, 54)][string.char(80, 111, 115, 105, 116, 105, 111, 110)] = _0x0014._0x000b(0.23, 0, 0.25788, 0);
_0x0007[string.char(40, 52, 56, 32, 43, 32, 52, 57, 41)] = _0x000a._0x000b(string.char(85, 73, 71, 114, 97, 100, 105, 101, 110, 116), _0x0007[string.char(40, 51, 56, 52, 32, 47, 32, 52, 41)]);
_0x0007[string.char(40, 52, 56, 32, 43, 32, 52, 57, 41)][string.char(82, 111, 116, 97, 116, 105, 111, 110)] = 45;
_0x0007[string.char(57, 55)][string.char(67, 111, 108, 111, 114)] = _0x0020._0x000b{_0x0021._0x000b(0.000, _0x0012._0x0013((1020 / 4), 227, 181)),_0x0021._0x000b(1.000, _0x0012._0x0013(109, (81 + 82), 163))};
_0x0007[string.char(40, 49, 57, 54, 32, 47, 32, 50, 41)] = _0x000a._0x000b(string.char(85, 73, 83, 116, 114, 111, 107, 101), _0x0007[string.char(57, 54)]);
_0x0007[string.char(40, 51, 57, 50, 32, 47, 32, 52, 41)][string.char(84, 104, 105, 99, 107, 110, 101, 115, 115)] = 1.5;
_0x0007[string.char(57, 56)][string.char(67, 111, 108, 111, 114)] = _0x0012._0x0013(255, (127 + 128), 255);
_0x0007[string.char(40, 52, 57, 32, 43, 32, 53, 48, 41)] = _0x000a._0x000b(string.char(70, 114, 97, 109, 101), _0x0007[string.char(56, 100)]);
_0x0007[string.char(57, 57)][string.char(66, 111, 114, 100, 101, 114, 83, 105, 122, 101, 80, 105, 120, 101, 108)] = 0;
_0x0007[string.char(40, 52, 57, 32, 43, 32, 53, 48, 41)][string.char(66, 97, 99, 107, 103, 114, 111, 117, 110, 100, 67, 111, 108, 111, 114, 51)] = _0x0012._0x0013(213, 0, 0);
_0x0007[string.char(40, 52, 57, 32, 43, 32, 53, 48, 41)][string.char(83, 105, 122, 101)] = _0x0014._0x000b(1.37, 0, 0.42735, 0);
_0x0007[string.char(40, 52, 57, 32, 43, 32, 53, 48, 41)][string.char(80, 111, 115, 105, 116, 105, 111, 110)] = _0x0014._0x000b((2 + 2.13642), 0, 0.40728, 0);
_0x0007[string.char(40, 49, 53, 56, 32, 45, 32, 53, 57, 41)][string.char(66, 111, 114, 100, 101, 114, 67, 111, 108, 111, 114, 51)] = _0x0012._0x0013(0, 0, 0);
_0x0007[string.char(40, 49, 57, 56, 32, 47, 32, 50, 41)][string.char(78, 97, 109, 101)] = [[_0x005c]];
_0x0007[string.char(57, 57)]:_0x0038([[_0x0040]], false);
_0x0007[string.char(57, 57)]:_0x0038([[_0x0039]], [[_0x003f]]);
_0x0007[string.char(57, 57)]:_0x0038([[_0x0041]], false);
_0x0004:_0x003b(_0x0007[string.char(40, 52, 57, 32, 43, 32, 53, 48, 41)], [[_0x003c]]);
_0x0007[string.char(57, 97)] = _0x000a._0x000b(string.char(85, 73, 83, 116, 114, 111, 107, 101), _0x0007[string.char(40, 49, 57, 55, 32, 45, 32, 57, 56, 41)]);
_0x0007[string.char(57, 97)][string.char(84, 114, 97, 110, 115, 112, 97, 114, 101, 110, 99, 121)] = 0.5;
_0x0007[string.char(57, 97)][string.char(84, 104, 105, 99, 107, 110, 101, 115, 115)] = 2;
_0x0007[string.char(57, 97)][string.char(67, 111, 108, 111, 114)] = _0x0012._0x0013((1020 / 4), 255, (765 / 3));
_0x0007[string.char(57, 98)] = _0x000a._0x000b(string.char(85, 73, 67, 111, 114, 110, 101, 114), _0x0007[string.char(57, 57)]);
_0x0007[string.char(57, 98)][string.char(67, 111, 114, 110, 101, 114, 82, 97, 100, 105, 117, 115)] = _0x0016._0x000b(0, 20);
_0x0007[string.char(57, 99)] = _0x000a._0x000b(string.char(70, 114, 97, 109, 101), _0x0007[string.char(57, 57)]);
_0x0007[string.char(57, 99)][string.char(86, 105, 115, 105, 98, 108, 101)] = false;
_0x0007[string.char(57, 99)][string.char(66, 111, 114, 100, 101, 114, 83, 105, 122, 101, 80, 105, 120, 101, 108)] = 0;
_0x0007[string.char(57, 99)][string.char(66, 97, 99, 107, 103, 114, 111, 117, 110, 100, 67, 111, 108, 111, 114, 51)] = _0x0012._0x0013(255, 255, 255);
_0x0007[string.char(57, 99)][string.char(83, 105, 122, 101)] = _0x0014._0x000b(0, 42, 0, 36);
_0x0007[string.char(57, 99)][string.char(80, 111, 115, 105, 116, 105, 111, 110)] = _0x0014._0x000b(0.62788, 0, 0.11556, 0);
_0x0007[string.char(57, 99)][string.char(66, 111, 114, 100, 101, 114, 67, 111, 108, 111, 114, 51)] = _0x0012._0x0013(0, 0, 0);
_0x0007[string.char(57, 99)][string.char(78, 97, 109, 101)] = [[_0x0043]];
_0x0007[string.char(57, 100)] = _0x000a._0x000b(string.char(85, 73, 83, 116, 114, 111, 107, 101), _0x0007[string.char(57, 99)]);
_0x0007[string.char(57, 100)][string.char(84, 104, 105, 99, 107, 110, 101, 115, 115)] = (8 / 2);
_0x0007[string.char(57, 100)][string.char(67, 111, 108, 111, 114)] = _0x0012._0x0013((127 + 128), (765 / 3), (292 - 37));
_0x0007[string.char(57, 101)] = _0x000a._0x000b(string.char(85, 73, 71, 114, 97, 100, 105, 101, 110, 116), _0x0007[string.char(57, 99)]);
_0x0007[string.char(57, 101)][string.char(82, 111, 116, 97, 116, 105, 111, 110)] = 45;
_0x0007[string.char(57, 101)][string.char(67, 111, 108, 111, 114)] = _0x0020._0x000b{_0x0021._0x000b(0.000, _0x0012._0x0013(0, 0, 0)),_0x0021._0x000b(1.000, _0x0012._0x0013(84, (108 - 24), 84))};
_0x0007[string.char(57, 102)] = _0x000a._0x000b(string.char(85, 73, 67, 111, 114, 110, 101, 114), _0x0007[string.char(57, 99)]);
_0x0007[string.char(57, 102)][string.char(67, 111, 114, 110, 101, 114, 82, 97, 100, 105, 117, 115)] = _0x0016._0x000b(0, (80 / 4));
_0x0007[string.char(97, 48)] = _0x000a._0x000b(string.char(70, 114, 97, 109, 101), _0x0007[string.char(57, 57)]);
_0x0007[string.char(97, 48)][string.char(86, 105, 115, 105, 98, 108, 101)] = false;
_0x0007[string.char(97, 48)][string.char(66, 111, 114, 100, 101, 114, 83, 105, 122, 101, 80, 105, 120, 101, 108)] = 0;
_0x0007[string.char(97, 48)][string.char(66, 97, 99, 107, 103, 114, 111, 117, 110, 100, 67, 111, 108, 111, 114, 51)] = _0x0012._0x0013(255, 255, (765 / 3));
_0x0007[string.char(97, 48)][string.char(83, 105, 122, 101)] = _0x0014._0x000b(0, (65 - 23), 0, (99 - 63));
_0x0007[string.char(97, 48)][string.char(80, 111, 115, 105, 116, 105, 111, 110)] = _0x0014._0x000b(0.05854, 0, 0.11556, 0);
_0x0007[string.char(97, 48)][string.char(66, 111, 114, 100, 101, 114, 67, 111, 108, 111, 114, 51)] = _0x0012._0x0013(0, 0, 0);
_0x0007[string.char(97, 48)][string.char(78, 97, 109, 101)] = [[_0x0042]];
_0x0007[string.char(97, 49)] = _0x000a._0x000b(string.char(85, 73, 83, 116, 114, 111, 107, 101), _0x0007[string.char(97, 48)]);
_0x0007[string.char(97, 49)][string.char(84, 104, 105, 99, 107, 110, 101, 115, 115)] = 4;
_0x0007[string.char(97, 49)][string.char(67, 111, 108, 111, 114)] = _0x0012._0x0013(255, (127 + 128), 255);
_0x0007[string.char(97, 50)] = _0x000a._0x000b(string.char(85, 73, 67, 111, 114, 110, 101, 114), _0x0007[string.char(97, 48)]);
_0x0007[string.char(97, 50)][string.char(67, 111, 114, 110, 101, 114, 82, 97, 100, 105, 117, 115)] = _0x0016._0x000b(0, (10 + 10));
_0x0007[string.char(97, 51)] = _0x000a._0x000b(string.char(85, 73, 71, 114, 97, 100, 105, 101, 110, 116), _0x0007[string.char(97, 48)]);
_0x0007[string.char(97, 51)][string.char(82, 111, 116, 97, 116, 105, 111, 110)] = 45;
_0x0007[string.char(97, 51)][string.char(67, 111, 108, 111, 114)] = _0x0020._0x000b{_0x0021._0x000b(0.000, _0x0012._0x0013(0, 0, 0)),_0x0021._0x000b(1.000, _0x0012._0x0013((168 / 2), 84, 84))};
_0x0007[string.char(97, 52)] = _0x000a._0x000b(string.char(84, 101, 120, 116, 66, 117, 116, 116, 111, 110), _0x0007[string.char(40, 51, 57, 54, 32, 47, 32, 52, 41)]);
_0x0007[string.char(97, 52)][string.char(66, 111, 114, 100, 101, 114, 83, 105, 122, 101, 80, 105, 120, 101, 108)] = 0;
_0x0007[string.char(97, 52)][string.char(84, 101, 120, 116, 83, 105, 122, 101)] = 14;
_0x0007[string.char(97, 52)][string.char(84, 101, 120, 116, 67, 111, 108, 111, 114, 51)] = _0x0012._0x0013(0, 0, 0);
_0x0007[string.char(97, 52)][string.char(66, 97, 99, 107, 103, 114, 111, 117, 110, 100, 67, 111, 108, 111, 114, 51)] = _0x0012._0x0013((270 - 15), 255, (287 - 32));
_0x0007[string.char(97, 52)][string.char(70, 111, 110, 116, 70, 97, 99, 101)] = _0x0024._0x000b([[_0x0025://_0x0026/_0x0027/_0x0028._0x0029]], _0x000e._0x002a._0x002b, _0x000e._0x002c._0x002d);
_0x0007[string.char(97, 52)][string.char(66, 97, 99, 107, 103, 114, 111, 117, 110, 100, 84, 114, 97, 110, 115, 112, 97, 114, 101, 110, 99, 121)] = 1;
_0x0007[string.char(97, 52)][string.char(83, 105, 122, 101)] = _0x0014._0x000b(0, (171 - 34), 0, (110 - 60));
_0x0007[string.char(97, 52)][string.char(66, 111, 114, 100, 101, 114, 67, 111, 108, 111, 114, 51)] = _0x0012._0x0013(0, 0, 0);
_0x0007[string.char(97, 52)][string.char(84, 101, 120, 116)] = [[]];
_0x0007[string.char(97, 52)][string.char(78, 97, 109, 101)] = [[_0x0044]];
_0x0007[string.char(97, 52)][string.char(80, 111, 115, 105, 116, 105, 111, 110)] = _0x0014._0x000b(-0.00358, 0, -0.0065, 0);
_0x0007[string.char(97, 53)] = _0x000a._0x000b(string.char(84, 101, 120, 116, 76, 97, 98, 101, 108), _0x0007[string.char(56, 100)]);
_0x0007[string.char(97, 53)][string.char(84, 101, 120, 116, 87, 114, 97, 112, 112, 101, 100)] = true;
_0x0007[string.char(97, 53)][string.char(66, 111, 114, 100, 101, 114, 83, 105, 122, 101, 80, 105, 120, 101, 108)] = 0;
_0x0007[string.char(97, 53)][string.char(84, 101, 120, 116, 83, 105, 122, 101)] = (56 / 4);
_0x0007[string.char(97, 53)][string.char(84, 101, 120, 116, 83, 99, 97, 108, 101, 100)] = true;
_0x0007[string.char(97, 53)][string.char(66, 97, 99, 107, 103, 114, 111, 117, 110, 100, 67, 111, 108, 111, 114, 51)] = _0x0012._0x0013(255, 255, 255);
_0x0007[string.char(97, 53)][string.char(70, 111, 110, 116, 70, 97, 99, 101)] = _0x0024._0x000b([[_0x0025://_0x0026/_0x0027/_0x0028._0x0029]], _0x000e._0x002a._0x002b, _0x000e._0x002c._0x002d);
_0x0007[string.char(97, 53)][string.char(84, 101, 120, 116, 67, 111, 108, 111, 114, 51)] = _0x0012._0x0013(255, 255, 255);
_0x0007[string.char(97, 53)][string.char(66, 97, 99, 107, 103, 114, 111, 117, 110, 100, 84, 114, 97, 110, 115, 112, 97, 114, 101, 110, 99, 121)] = 1;
_0x0007[string.char(97, 53)][string.char(83, 105, 122, 101)] = _0x0014._0x000b(1.53, 0, 0.2906, 0);
_0x0007[string.char(97, 53)][string.char(66, 111, 114, 100, 101, 114, 67, 111, 108, 111, 114, 51)] = _0x0012._0x0013(0, 0, 0);
_0x0007[string.char(97, 53)][string.char(84, 101, 120, 116)] = [[_0x005d]];
_0x0007[string.char(97, 53)][string.char(78, 97, 109, 101)] = [[_0x0054]];
_0x0007[string.char(97, 53)][string.char(80, 111, 115, 105, 116, 105, 111, 110)] = _0x0014._0x000b((405 / 100), 0, 0.11258, 0);
_0x0007[string.char(97, 54)] = _0x000a._0x000b(string.char(85, 73, 71, 114, 97, 100, 105, 101, 110, 116), _0x0007[string.char(97, 53)]);
_0x0007[string.char(97, 54)][string.char(82, 111, 116, 97, 116, 105, 111, 110)] = (90 / 2);
_0x0007[string.char(97, 54)][string.char(67, 111, 108, 111, 114)] = _0x0020._0x000b{_0x0021._0x000b(0.000, _0x0012._0x0013((1020 / 4), (295 - 68), (543 / 3))),_0x0021._0x000b(1.000, _0x0012._0x0013((141 - 32), (81 + 82), (652 / 4)))};
_0x0007[string.char(97, 55)] = _0x000a._0x000b(string.char(85, 73, 83, 116, 114, 111, 107, 101), _0x0007[string.char(97, 53)]);
_0x0007[string.char(97, 55)][string.char(84, 104, 105, 99, 107, 110, 101, 115, 115)] = 1.5;
_0x0007[string.char(97, 55)][string.char(67, 111, 108, 111, 114)] = _0x0012._0x0013((342 - 87), 255, 255);
_0x0007[string.char(97, 56)] = _0x000a._0x000b(string.char(70, 114, 97, 109, 101), _0x0007[string.char(56, 100)]);
_0x0007[string.char(97, 56)][string.char(66, 111, 114, 100, 101, 114, 83, 105, 122, 101, 80, 105, 120, 101, 108)] = 0;
_0x0007[string.char(97, 56)][string.char(66, 97, 99, 107, 103, 114, 111, 117, 110, 100, 67, 111, 108, 111, 114, 51)] = _0x0012._0x0013(213, 0, 0);
_0x0007[string.char(97, 56)][string.char(83, 105, 122, 101)] = _0x0014._0x000b(0.6, 0, 0.42735, 0);
_0x0007[string.char(97, 56)][string.char(80, 111, 115, 105, 116, 105, 111, 110)] = _0x0014._0x000b((9.04926 / 3), 0, 0.39873, 0);
_0x0007[string.char(97, 56)][string.char(66, 111, 114, 100, 101, 114, 67, 111, 108, 111, 114, 51)] = _0x0012._0x0013(0, 0, 0);
_0x0007[string.char(97, 56)][string.char(78, 97, 109, 101)] = [[_0x005e]];
_0x0007[string.char(97, 56)]:_0x0038([[_0x0046]], false);
_0x0007[string.char(97, 56)]:_0x0038([[_0x0039]], [[_0x0045]]);
_0x0004:_0x003b(_0x0007[string.char(97, 56)], [[_0x003c]]);
_0x0007[string.char(97, 57)] = _0x000a._0x000b(string.char(85, 73, 83, 116, 114, 111, 107, 101), _0x0007[string.char(97, 56)]);
_0x0007[string.char(97, 57)][string.char(84, 114, 97, 110, 115, 112, 97, 114, 101, 110, 99, 121)] = 0.5;
_0x0007[string.char(97, 57)][string.char(84, 104, 105, 99, 107, 110, 101, 115, 115)] = 2;
_0x0007[string.char(97, 57)][string.char(67, 111, 108, 111, 114)] = _0x0012._0x0013(255, (510 / 2), 255);
_0x0007[string.char(97, 97)] = _0x000a._0x000b(string.char(85, 73, 67, 111, 114, 110, 101, 114), _0x0007[string.char(97, 56)]);
_0x0007[string.char(97, 97)][string.char(67, 111, 114, 110, 101, 114, 82, 97, 100, 105, 117, 115)] = _0x0016._0x000b(0, 20);
_0x0007[string.char(97, 98)] = _0x000a._0x000b(string.char(84, 101, 120, 116, 66, 117, 116, 116, 111, 110), _0x0007[string.char(97, 56)]);
_0x0007[string.char(97, 98)][string.char(66, 111, 114, 100, 101, 114, 83, 105, 122, 101, 80, 105, 120, 101, 108)] = 0;
_0x0007[string.char(97, 98)][string.char(84, 101, 120, 116, 83, 105, 122, 101)] = (58 - 44);
_0x0007[string.char(97, 98)][string.char(84, 101, 120, 116, 67, 111, 108, 111, 114, 51)] = _0x0012._0x0013(0, 0, 0);
_0x0007[string.char(97, 98)][string.char(66, 97, 99, 107, 103, 114, 111, 117, 110, 100, 67, 111, 108, 111, 114, 51)] = _0x0012._0x0013((127 + 128), 255, 255);
_0x0007[string.char(97, 98)][string.char(70, 111, 110, 116, 70, 97, 99, 101)] = _0x0024._0x000b([[_0x0025://_0x0026/_0x0027/_0x0028._0x0029]], _0x000e._0x002a._0x002b, _0x000e._0x002c._0x002d);
_0x0007[string.char(97, 98)][string.char(66, 97, 99, 107, 103, 114, 111, 117, 110, 100, 84, 114, 97, 110, 115, 112, 97, 114, 101, 110, 99, 121)] = 1;
_0x0007[string.char(97, 98)][string.char(83, 105, 122, 101)] = _0x0014._0x000b(0, 60, 0, (25 + 25));
_0x0007[string.char(97, 98)][string.char(66, 111, 114, 100, 101, 114, 67, 111, 108, 111, 114, 51)] = _0x0012._0x0013(0, 0, 0);
_0x0007[string.char(97, 98)][string.char(84, 101, 120, 116)] = [[]];
_0x0007[string.char(97, 98)][string.char(78, 97, 109, 101)] = [[_0x0044]];
_0x0007[string.char(97, 98)][string.char(80, 111, 115, 105, 116, 105, 111, 110)] = _0x0014._0x000b(-0.00358, 0, -0.0065, 0);
_0x0007[string.char(97, 99)] = _0x000a._0x000b(string.char(84, 101, 120, 116, 76, 97, 98, 101, 108), _0x0007[string.char(56, 100)]);
_0x0007[string.char(97, 99)][string.char(84, 101, 120, 116, 87, 114, 97, 112, 112, 101, 100)] = true;
_0x0007[string.char(97, 99)][string.char(66, 111, 114, 100, 101, 114, 83, 105, 122, 101, 80, 105, 120, 101, 108)] = 0;
_0x0007[string.char(97, 99)][string.char(84, 101, 120, 116, 83, 105, 122, 101)] = 14;
_0x0007[string.char(97, 99)][string.char(84, 101, 120, 116, 83, 99, 97, 108, 101, 100)] = true;
_0x0007[string.char(97, 99)][string.char(66, 97, 99, 107, 103, 114, 111, 117, 110, 100, 67, 111, 108, 111, 114, 51)] = _0x0012._0x0013((1020 / 4), (281 - 26), (510 / 2));
_0x0007[string.char(97, 99)][string.char(70, 111, 110, 116, 70, 97, 99, 101)] = _0x0024._0x000b([[_0x0025://_0x0026/_0x0027/_0x0028._0x0029]], _0x000e._0x002a._0x002b, _0x000e._0x002c._0x002d);
_0x0007[string.char(97, 99)][string.char(84, 101, 120, 116, 67, 111, 108, 111, 114, 51)] = _0x0012._0x0013((765 / 3), 255, (127 + 128));
_0x0007[string.char(97, 99)][string.char(66, 97, 99, 107, 103, 114, 111, 117, 110, 100, 84, 114, 97, 110, 115, 112, 97, 114, 101, 110, 99, 121)] = 1;
_0x0007[string.char(97, 99)][string.char(83, 105, 122, 101)] = _0x0014._0x000b(1.53, 0, 0.2906, 0);
_0x0007[string.char(97, 99)][string.char(66, 111, 114, 100, 101, 114, 67, 111, 108, 111, 114, 51)] = _0x0012._0x0013(0, 0, 0);
_0x0007[string.char(97, 99)][string.char(84, 101, 120, 116)] = [[_0x005f]];
_0x0007[string.char(97, 99)][string.char(78, 97, 109, 101)] = [[_0x005f-]];
_0x0007[string.char(97, 99)][string.char(80, 111, 115, 105, 116, 105, 111, 110)] = _0x0014._0x000b(1.65, 0, 0.10403, 0);
_0x0007[string.char(97, 100)] = _0x000a._0x000b(string.char(85, 73, 71, 114, 97, 100, 105, 101, 110, 116), _0x0007[string.char(97, 99)]);
_0x0007[string.char(97, 100)][string.char(82, 111, 116, 97, 116, 105, 111, 110)] = 45;
_0x0007[string.char(97, 100)][string.char(67, 111, 108, 111, 114)] = _0x0020._0x000b{_0x0021._0x000b(0.000, _0x0012._0x0013(255, (908 / 4), 181)),_0x0021._0x000b(1.000, _0x0012._0x0013(109, 163, 163))};
_0x0007[string.char(97, 101)] = _0x000a._0x000b(string.char(85, 73, 83, 116, 114, 111, 107, 101), _0x0007[string.char(97, 99)]);
_0x0007[string.char(97, 101)][string.char(84, 104, 105, 99, 107, 110, 101, 115, 115)] = 1.5;
_0x0007[string.char(97, 101)][string.char(67, 111, 108, 111, 114)] = _0x0012._0x0013((765 / 3), (127 + 128), 255);
_0x0007[string.char(97, 102)] = _0x000a._0x000b(string.char(84, 101, 120, 116, 76, 97, 98, 101, 108), _0x0007[string.char(56, 100)]);
_0x0007[string.char(97, 102)][string.char(84, 101, 120, 116, 87, 114, 97, 112, 112, 101, 100)] = true;
_0x0007[string.char(97, 102)][string.char(66, 111, 114, 100, 101, 114, 83, 105, 122, 101, 80, 105, 120, 101, 108)] = 0;
_0x0007[string.char(97, 102)][string.char(84, 101, 120, 116, 83, 105, 122, 101)] = (7 + 7);
_0x0007[string.char(97, 102)][string.char(84, 101, 120, 116, 83, 99, 97, 108, 101, 100)] = true;
_0x0007[string.char(97, 102)][string.char(66, 97, 99, 107, 103, 114, 111, 117, 110, 100, 67, 111, 108, 111, 114, 51)] = _0x0012._0x0013(255, (510 / 2), 255);
_0x0007[string.char(97, 102)][string.char(70, 111, 110, 116, 70, 97, 99, 101)] = _0x0024._0x000b([[_0x0025://_0x0026/_0x0027/_0x0028._0x0029]], _0x000e._0x002a._0x002b, _0x000e._0x002c._0x002d);
_0x0007[string.char(97, 102)][string.char(84, 101, 120, 116, 67, 111, 108, 111, 114, 51)] = _0x0012._0x0013((127 + 128), (765 / 3), (307 - 52));
_0x0007[string.char(97, 102)][string.char(66, 97, 99, 107, 103, 114, 111, 117, 110, 100, 84, 114, 97, 110, 115, 112, 97, 114, 101, 110, 99, 121)] = 1;
_0x0007[string.char(97, 102)][string.char(83, 105, 122, 101)] = _0x0014._0x000b(1.53, 0, 0.2906, 0);
_0x0007[string.char(97, 102)][string.char(66, 111, 114, 100, 101, 114, 67, 111, 108, 111, 114, 51)] = _0x0012._0x0013(0, 0, 0);
_0x0007[string.char(97, 102)][string.char(84, 101, 120, 116)] = [[_0x0060]];
_0x0007[string.char(97, 102)][string.char(78, 97, 109, 101)] = [[_0x0060-]];
_0x0007[string.char(97, 102)][string.char(80, 111, 115, 105, 116, 105, 111, 110)] = _0x0014._0x000b(2.55, 0, 0.10403, 0);
_0x0007[string.char(98, 48)] = _0x000a._0x000b(string.char(85, 73, 71, 114, 97, 100, 105, 101, 110, 116), _0x0007[string.char(97, 102)]);
_0x0007[string.char(98, 48)][string.char(82, 111, 116, 97, 116, 105, 111, 110)] = (64 - 19);
_0x0007[string.char(98, 48)][string.char(67, 111, 108, 111, 114)] = _0x0020._0x000b{_0x0021._0x000b(0.000, _0x0012._0x0013((275 - 20), 227, (239 - 58))),_0x0021._0x000b(1.000, _0x0012._0x0013(109, (81 + 82), 163))};
_0x0007[string.char(98, 49)] = _0x000a._0x000b(string.char(85, 73, 83, 116, 114, 111, 107, 101), _0x0007[string.char(97, 102)]);
_0x0007[string.char(98, 49)][string.char(84, 104, 105, 99, 107, 110, 101, 115, 115)] = 1.5;
_0x0007[string.char(98, 49)][string.char(67, 111, 108, 111, 114)] = _0x0012._0x0013(255, (765 / 3), (127 + 128));
_0x0007[string.char(98, 50)] = _0x000a._0x000b(string.char(85, 73, 68, 114, 97, 103, 68, 101, 116, 101, 99, 116, 111, 114), _0x0007[string.char(51, 48)]);
_0x0007[string.char(98, 51)] = _0x000a._0x000b(string.char(84, 101, 120, 116, 66, 117, 116, 116, 111, 110), _0x0007[string.char(51, 48)]);
_0x0007[string.char(98, 51)][string.char(84, 101, 120, 116, 87, 114, 97, 112, 112, 101, 100)] = true;
_0x0007[string.char(98, 51)][string.char(66, 111, 114, 100, 101, 114, 83, 105, 122, 101, 80, 105, 120, 101, 108)] = 0;
_0x0007[string.char(98, 51)][string.char(84, 101, 120, 116, 83, 105, 122, 101)] = (56 / 4);
_0x0007[string.char(98, 51)][string.char(84, 101, 120, 116, 83, 99, 97, 108, 101, 100)] = true;
_0x0007[string.char(98, 51)][string.char(84, 101, 120, 116, 67, 111, 108, 111, 114, 51)] = _0x0012._0x0013((127 + 128), 255, 255);
_0x0007[string.char(98, 51)][string.char(66, 97, 99, 107, 103, 114, 111, 117, 110, 100, 67, 111, 108, 111, 114, 51)] = _0x0012._0x0013((292 - 37), (290 - 35), 255);
_0x0007[string.char(98, 51)][string.char(70, 111, 110, 116, 70, 97, 99, 101)] = _0x0024._0x000b([[_0x0025://_0x0026/_0x0027/_0x0028._0x0029]], _0x000e._0x002a._0x002b, _0x000e._0x002c._0x002d);
_0x0007[string.char(98, 51)][string.char(66, 97, 99, 107, 103, 114, 111, 117, 110, 100, 84, 114, 97, 110, 115, 112, 97, 114, 101, 110, 99, 121)] = 1;
_0x0007[string.char(98, 51)][string.char(83, 105, 122, 101)] = _0x0014._0x000b(0, (30 + 31), 0, (110 - 63));
_0x0007[string.char(98, 51)][string.char(66, 111, 114, 100, 101, 114, 67, 111, 108, 111, 114, 51)] = _0x0012._0x0013(0, 0, 0);
_0x0007[string.char(98, 51)][string.char(84, 101, 120, 116)] = [[_0x0063]];
_0x0007[string.char(98, 51)][string.char(78, 97, 109, 101)] = [[_0x0062]];
_0x0007[string.char(98, 51)][string.char(80, 111, 115, 105, 116, 105, 111, 110)] = _0x0014._0x000b(0.91236, 0, 0.01037, 0);
_0x0007[string.char(98, 52)] = _0x000a._0x000b(string.char(85, 73, 83, 116, 114, 111, 107, 101), _0x0007[string.char(98, 51)]);
_0x0007[string.char(98, 52)][string.char(84, 104, 105, 99, 107, 110, 101, 115, 115)] = 2;
_0x0007[string.char(98, 53)] = _0x000a._0x000b(string.char(85, 73, 71, 114, 97, 100, 105, 101, 110, 116), _0x0007[string.char(98, 51)]);
_0x0007[string.char(98, 53)][string.char(82, 111, 116, 97, 116, 105, 111, 110)] = 45;
_0x0007[string.char(98, 53)][string.char(67, 111, 108, 111, 114)] = _0x0020._0x000b{_0x0021._0x000b(0.000, _0x0012._0x0013(171, 0, 0)),_0x0021._0x000b(1.000, _0x0012._0x0013((127 + 128), 0, 0))};
_0x0007[string.char(98, 54)] = _0x000a._0x000b(string.char(77, 111, 100, 117, 108, 101, 83, 99, 114, 105, 112, 116), _0x0007[string.char(52)]);
_0x0007[string.char(98, 54)][string.char(78, 97, 109, 101)] = [[_0x0064]];
_0x0007[string.char(98, 55)] = _0x000a._0x000b(string.char(76, 111, 99, 97, 108, 83, 99, 114, 105, 112, 116), _0x0007[string.char(49)]);
_0x0007[string.char(98, 55)][string.char(78, 97, 109, 101)] = [[_0x0009]];
_0x0007[string.char(98, 56)] = _0x000a._0x000b(string.char(77, 111, 100, 117, 108, 101, 83, 99, 114, 105, 112, 116), _0x0007[string.char(49)]);
_0x0007[string.char(98, 56)][string.char(78, 97, 109, 101)] = [[_0x0065]];
_0x0007[string.char(98, 57)] = _0x000a._0x000b(string.char(70, 111, 108, 100, 101, 114), _0x0007[string.char(49)]);
_0x0007[string.char(98, 57)][string.char(78, 97, 109, 101)] = [[_0x0066]];
_0x0007[string.char(98, 97)] = _0x000a._0x000b(string.char(70, 114, 97, 109, 101), _0x0007[string.char(98, 57)]);
_0x0007[string.char(98, 97)][string.char(86, 105, 115, 105, 98, 108, 101)] = false;
_0x0007[string.char(98, 97)][string.char(66, 111, 114, 100, 101, 114, 83, 105, 122, 101, 80, 105, 120, 101, 108)] = 0;
_0x0007[string.char(98, 97)][string.char(66, 97, 99, 107, 103, 114, 111, 117, 110, 100, 67, 111, 108, 111, 114, 51)] = _0x0012._0x0013(255, (298 - 43), 255);
_0x0007[string.char(98, 97)][string.char(83, 105, 122, 101)] = _0x0014._0x000b(0.44915, 0, 0.36559, 0);
_0x0007[string.char(98, 97)][string.char(80, 111, 115, 105, 116, 105, 111, 110)] = _0x0014._0x000b(0.27517, 0, 0.31672, 0);
_0x0007[string.char(98, 97)][string.char(66, 111, 114, 100, 101, 114, 67, 111, 108, 111, 114, 51)] = _0x0012._0x0013(0, 0, 0);
_0x0007[string.char(98, 97)][string.char(78, 97, 109, 101)] = [[_0x0067]];
_0x0007[string.char(98, 97)][string.char(66, 97, 99, 107, 103, 114, 111, 117, 110, 100, 84, 114, 97, 110, 115, 112, 97, 114, 101, 110, 99, 121)] = 1;
_0x0007[string.char(98, 98)] = _0x000a._0x000b(string.char(85, 73, 67, 111, 114, 110, 101, 114), _0x0007[string.char(98, 97)]);
_0x0007[string.char(98, 99)] = _0x000a._0x000b(string.char(70, 114, 97, 109, 101), _0x0007[string.char(98, 97)]);
_0x0007[string.char(98, 99)][string.char(66, 111, 114, 100, 101, 114, 83, 105, 122, 101, 80, 105, 120, 101, 108)] = 0;
_0x0007[string.char(98, 99)][string.char(66, 97, 99, 107, 103, 114, 111, 117, 110, 100, 67, 111, 108, 111, 114, 51)] = _0x0012._0x0013((354 - 99), 255, (127 + 128));
_0x0007[string.char(98, 99)][string.char(83, 105, 122, 101)] = _0x0014._0x000b(0, (476 - 65), 0, 135);
_0x0007[string.char(98, 99)][string.char(80, 111, 115, 105, 116, 105, 111, 110)] = _0x0014._0x000b(0.26322, 0, 0.36364, 0);
_0x0007[string.char(98, 99)][string.char(66, 111, 114, 100, 101, 114, 67, 111, 108, 111, 114, 51)] = _0x0012._0x0013(0, 0, 0);
_0x0007[string.char(98, 99)][string.char(78, 97, 109, 101)] = [[_0x0068]];
_0x0007[string.char(98, 100)] = _0x000a._0x000b(string.char(85, 73, 83, 116, 114, 111, 107, 101), _0x0007[string.char(98, 99)]);
_0x0007[string.char(98, 100)][string.char(84, 104, 105, 99, 107, 110, 101, 115, 115)] = 3;
_0x0007[string.char(98, 101)] = _0x000a._0x000b(string.char(85, 73, 71, 114, 97, 100, 105, 101, 110, 116), _0x0007[string.char(98, 99)]);
_0x0007[string.char(98, 101)][string.char(82, 111, 116, 97, 116, 105, 111, 110)] = -90;
_0x0007[string.char(98, 101)][string.char(67, 111, 108, 111, 114)] = _0x0020._0x000b{_0x0021._0x000b(0.000, _0x0012._0x0013(0, 0, 0)),_0x0021._0x000b(1.000, _0x0012._0x0013(68, 68, (34 + 34)))};
_0x0007[string.char(98, 102)] = _0x000a._0x000b(string.char(70, 114, 97, 109, 101), _0x0007[string.char(98, 97)]);
_0x0007[string.char(98, 102)][string.char(66, 111, 114, 100, 101, 114, 83, 105, 122, 101, 80, 105, 120, 101, 108)] = 0;
_0x0007[string.char(98, 102)][string.char(66, 97, 99, 107, 103, 114, 111, 117, 110, 100, 67, 111, 108, 111, 114, 51)] = _0x0012._0x0013((127 + 128), 255, (339 - 84));
_0x0007[string.char(98, 102)][string.char(83, 105, 122, 101)] = _0x0014._0x000b(0, (192 + 193), 0, 50);
_0x0007[string.char(98, 102)][string.char(80, 111, 115, 105, 116, 105, 111, 110)] = _0x0014._0x000b(0.279, 0, 0.548, 0);
_0x0007[string.char(98, 102)][string.char(66, 111, 114, 100, 101, 114, 67, 111, 108, 111, 114, 51)] = _0x0012._0x0013(0, 0, 0);
_0x0007[string.char(98, 102)][string.char(78, 97, 109, 101)] = [[_0x0069]];
_0x0007[string.char(99, 48)] = _0x000a._0x000b(string.char(85, 73, 83, 116, 114, 111, 107, 101), _0x0007[string.char(98, 102)]);
_0x0007[string.char(99, 48)][string.char(84, 104, 105, 99, 107, 110, 101, 115, 115)] = 3;
_0x0007[string.char(99, 49)] = _0x000a._0x000b(string.char(85, 73, 71, 114, 97, 100, 105, 101, 110, 116), _0x0007[string.char(98, 102)]);
_0x0007[string.char(99, 49)][string.char(82, 111, 116, 97, 116, 105, 111, 110)] = -90;
_0x0007[string.char(99, 49)][string.char(67, 111, 108, 111, 114)] = _0x0020._0x000b{_0x0021._0x000b(0.000, _0x0012._0x0013(0, 0, 0)),_0x0021._0x000b(1.000, _0x0012._0x0013((34 + 34), 68, (204 / 3)))};
_0x0007[string.char(99, 50)] = _0x000a._0x000b(string.char(84, 101, 120, 116, 66, 111, 120), _0x0007[string.char(98, 97)]);
_0x0007[string.char(99, 50)][string.char(78, 97, 109, 101)] = [[_0x006a]];
_0x0007[string.char(99, 50)][string.char(80, 108, 97, 99, 101, 104, 111, 108, 100, 101, 114, 67, 111, 108, 111, 114, 51)] = _0x0012._0x0013(255, (127 + 128), 255);
_0x0007[string.char(99, 50)][string.char(66, 111, 114, 100, 101, 114, 83, 105, 122, 101, 80, 105, 120, 101, 108)] = 0;
_0x0007[string.char(99, 50)][string.char(84, 101, 120, 116, 87, 114, 97, 112, 112, 101, 100)] = true;
_0x0007[string.char(99, 50)][string.char(84, 101, 120, 116, 83, 105, 122, 101)] = (32 - 18);
_0x0007[string.char(99, 50)][string.char(84, 101, 120, 116, 67, 111, 108, 111, 114, 51)] = _0x0012._0x0013(255, (765 / 3), 255);
_0x0007[string.char(99, 50)][string.char(84, 101, 120, 116, 83, 99, 97, 108, 101, 100)] = true;
_0x0007[string.char(99, 50)][string.char(66, 97, 99, 107, 103, 114, 111, 117, 110, 100, 67, 111, 108, 111, 114, 51)] = _0x0012._0x0013(255, 255, 255);
_0x0007[string.char(99, 50)][string.char(70, 111, 110, 116, 70, 97, 99, 101)] = _0x0024._0x000b([[_0x0025://_0x0026/_0x0027/_0x0028._0x0029]], _0x000e._0x002a._0x002b, _0x000e._0x002c._0x002d);
_0x0007[string.char(99, 50)][string.char(67, 108, 101, 97, 114, 84, 101, 120, 116, 79, 110, 70, 111, 99, 117, 115)] = false;
_0x0007[string.char(99, 50)][string.char(80, 108, 97, 99, 101, 104, 111, 108, 100, 101, 114, 84, 101, 120, 116)] = [[_0x006b _0x006c]];
_0x0007[string.char(99, 50)][string.char(83, 105, 122, 101)] = _0x0014._0x000b(0, (192 + 193), 0, 50);
_0x0007[string.char(99, 50)][string.char(80, 111, 115, 105, 116, 105, 111, 110)] = _0x0014._0x000b(0.27931, 0, 0.54813, 0);
_0x0007[string.char(99, 50)][string.char(66, 111, 114, 100, 101, 114, 67, 111, 108, 111, 114, 51)] = _0x0012._0x0013(0, 0, 0);
_0x0007[string.char(99, 50)][string.char(84, 101, 120, 116)] = [[]];
_0x0007[string.char(99, 50)][string.char(66, 97, 99, 107, 103, 114, 111, 117, 110, 100, 84, 114, 97, 110, 115, 112, 97, 114, 101, 110, 99, 121)] = 1;
_0x0007[string.char(99, 51)] = _0x000a._0x000b(string.char(84, 101, 120, 116, 76, 97, 98, 101, 108), _0x0007[string.char(98, 97)]);
_0x0007[string.char(99, 51)][string.char(84, 101, 120, 116, 87, 114, 97, 112, 112, 101, 100)] = true;
_0x0007[string.char(99, 51)][string.char(66, 111, 114, 100, 101, 114, 83, 105, 122, 101, 80, 105, 120, 101, 108)] = 0;
_0x0007[string.char(99, 51)][string.char(84, 101, 120, 116, 83, 105, 122, 101)] = (70 - 56);
_0x0007[string.char(99, 51)][string.char(84, 101, 120, 116, 83, 99, 97, 108, 101, 100)] = true;
_0x0007[string.char(99, 51)][string.char(66, 97, 99, 107, 103, 114, 111, 117, 110, 100, 67, 111, 108, 111, 114, 51)] = _0x0012._0x0013(255, 255, 255);
_0x0007[string.char(99, 51)][string.char(70, 111, 110, 116, 70, 97, 99, 101)] = _0x0024._0x000b([[_0x0025://_0x0026/_0x0027/_0x0028._0x0029]], _0x000e._0x002a._0x002b, _0x000e._0x002c._0x002d);
_0x0007[string.char(99, 51)][string.char(84, 101, 120, 116, 67, 111, 108, 111, 114, 51)] = _0x0012._0x0013((510 / 2), (299 - 44), (127 + 128));
_0x0007[string.char(99, 51)][string.char(66, 97, 99, 107, 103, 114, 111, 117, 110, 100, 84, 114, 97, 110, 115, 112, 97, 114, 101, 110, 99, 121)] = 1;
_0x0007[string.char(99, 51)][string.char(83, 105, 122, 101)] = _0x0014._0x000b(0, (164 + 165), 0, (25 + 25));
_0x0007[string.char(99, 51)][string.char(66, 111, 114, 100, 101, 114, 67, 111, 108, 111, 114, 51)] = _0x0012._0x0013(0, 0, 0);
_0x0007[string.char(99, 51)][string.char(84, 101, 120, 116)] = [[_0x006b _0x006e + _0x006c]];
_0x0007[string.char(99, 51)][string.char(80, 111, 115, 105, 116, 105, 111, 110)] = _0x0014._0x000b(0.31149, 0, 0.18717, 0);
_0x0007[string.char(99, 52)] = _0x000a._0x000b(string.char(85, 73, 68, 114, 97, 103, 68, 101, 116, 101, 99, 116, 111, 114), _0x0007[string.char(98, 97)]);
_0x0007[string.char(99, 53)] = _0x000a._0x000b(string.char(70, 114, 97, 109, 101), _0x0007[string.char(98, 97)]);
_0x0007[string.char(99, 53)][string.char(66, 111, 114, 100, 101, 114, 83, 105, 122, 101, 80, 105, 120, 101, 108)] = 0;
_0x0007[string.char(99, 53)][string.char(66, 97, 99, 107, 103, 114, 111, 117, 110, 100, 67, 111, 108, 111, 114, 51)] = _0x0012._0x0013((288 - 33), (127 + 128), 255);
_0x0007[string.char(99, 53)][string.char(83, 105, 122, 101)] = _0x0014._0x000b(0, 385, 0, (200 / 4));
_0x0007[string.char(99, 53)][string.char(80, 111, 115, 105, 116, 105, 111, 110)] = _0x0014._0x000b(0.27785, 0, 0.39292, 0);
_0x0007[string.char(99, 53)][string.char(66, 111, 114, 100, 101, 114, 67, 111, 108, 111, 114, 51)] = _0x0012._0x0013(0, 0, 0);
_0x0007[string.char(99, 53)][string.char(78, 97, 109, 101)] = [[_0x0069]];
_0x0007[string.char(99, 54)] = _0x000a._0x000b(string.char(85, 73, 83, 116, 114, 111, 107, 101), _0x0007[string.char(99, 53)]);
_0x0007[string.char(99, 54)][string.char(84, 104, 105, 99, 107, 110, 101, 115, 115)] = 3;
_0x0007[string.char(99, 55)] = _0x000a._0x000b(string.char(85, 73, 71, 114, 97, 100, 105, 101, 110, 116), _0x0007[string.char(99, 53)]);
_0x0007[string.char(99, 55)][string.char(82, 111, 116, 97, 116, 105, 111, 110)] = -(182 - 92);
_0x0007[string.char(99, 55)][string.char(67, 111, 108, 111, 114)] = _0x0020._0x000b{_0x0021._0x000b(0.000, _0x0012._0x0013(0, 0, 0)),_0x0021._0x000b(1.000, _0x0012._0x0013((272 / 4), (34 + 34), (114 - 46)))};
_0x0007[string.char(99, 56)] = _0x000a._0x000b(string.char(84, 101, 120, 116, 66, 111, 120), _0x0007[string.char(98, 97)]);
_0x0007[string.char(99, 56)][string.char(78, 97, 109, 101)] = [[_0x006e]];
_0x0007[string.char(99, 56)][string.char(80, 108, 97, 99, 101, 104, 111, 108, 100, 101, 114, 67, 111, 108, 111, 114, 51)] = _0x0012._0x0013(255, 255, 255);
_0x0007[string.char(99, 56)][string.char(66, 111, 114, 100, 101, 114, 83, 105, 122, 101, 80, 105, 120, 101, 108)] = 0;
_0x0007[string.char(99, 56)][string.char(84, 101, 120, 116, 87, 114, 97, 112, 112, 101, 100)] = true;
_0x0007[string.char(99, 56)][string.char(84, 101, 120, 116, 83, 105, 122, 101)] = (7 + 7);
_0x0007[string.char(99, 56)][string.char(84, 101, 120, 116, 67, 111, 108, 111, 114, 51)] = _0x0012._0x0013((127 + 128), 255, 255);
_0x0007[string.char(99, 56)][string.char(84, 101, 120, 116, 83, 99, 97, 108, 101, 100)] = true;
_0x0007[string.char(99, 56)][string.char(66, 97, 99, 107, 103, 114, 111, 117, 110, 100, 67, 111, 108, 111, 114, 51)] = _0x0012._0x0013(255, 255, 255);
_0x0007[string.char(99, 56)][string.char(70, 111, 110, 116, 70, 97, 99, 101)] = _0x0024._0x000b([[_0x0025://_0x0026/_0x0027/_0x0028._0x0029]], _0x000e._0x002a._0x002b, _0x000e._0x002c._0x002d);
_0x0007[string.char(99, 56)][string.char(67, 108, 101, 97, 114, 84, 101, 120, 116, 79, 110, 70, 111, 99, 117, 115)] = false;
_0x0007[string.char(99, 56)][string.char(80, 108, 97, 99, 101, 104, 111, 108, 100, 101, 114, 84, 101, 120, 116)] = [[_0x006b _0x006e]];
_0x0007[string.char(99, 56)][string.char(83, 105, 122, 101)] = _0x0014._0x000b(0, 385, 0, 50);
_0x0007[string.char(99, 56)][string.char(80, 111, 115, 105, 116, 105, 111, 110)] = _0x0014._0x000b(0.27701, 0, 0.39037, 0);
_0x0007[string.char(99, 56)][string.char(66, 111, 114, 100, 101, 114, 67, 111, 108, 111, 114, 51)] = _0x0012._0x0013(0, 0, 0);
_0x0007[string.char(99, 56)][string.char(84, 101, 120, 116)] = [[]];
_0x0007[string.char(99, 56)][string.char(66, 97, 99, 107, 103, 114, 111, 117, 110, 100, 84, 114, 97, 110, 115, 112, 97, 114, 101, 110, 99, 121)] = 1;
_0x0007[string.char(99, 57)] = _0x000a._0x000b(string.char(77, 111, 100, 117, 108, 101, 83, 99, 114, 105, 112, 116), _0x0007[string.char(49)]);
_0x0007[string.char(99, 57)][string.char(78, 97, 109, 101)] = [[_0x004a]];
local _0x0071 = require;
local _0x0072 = {};
local function require(_0x0073)
local _0x0074 = _0x0072[_0x0073];
if _0x0074 then
if not _0x0074._0x0075 then
_0x0074._0x0075 = true;
_0x0074._0x0076 = _0x0074._0x0077();
end
return _0x0074._0x0076;
end;
return _0x0071(_0x0073);
end
_0x0072[_0x0007[string.char(40, 56, 32, 47, 32, 50, 41)]] = {
_0x0077 = function()
local _0x0078 = _0x0007[string.char(40, 56, 51, 32, 45, 32, 55, 57, 41)];local _0x0079 = string.char(91, 65, 115, 121, 110, 99, 72, 117, 98, 93, 32)
local _0x0055 = _0x0005:_0x0006(string.char(80, 108, 97, 121, 101, 114, 115))
local _0x007a = _0x0005:_0x0006(string.char(82, 117, 110, 83, 101, 114, 118, 105, 99, 101))
local _0x000c = _0x0055._0x000c
local _0x007b = _0x0078:_0x007c(string.char(78, 111, 116, 105, 102, 105, 99, 97, 116, 105, 111, 110))
local _0x007d = ""
local _0x0065 = require(_0x0078._0x007e:_0x007c(string.char(69, 110, 99, 114, 121, 112, 116, 105, 111, 110)))
local _0x007f = require(_0x0078._0x007e:_0x007c(string.char(78, 111, 116, 105, 102, 121)))
local _0x0064 = require(_0x0078:_0x007c(string.char(87, 104, 105, 116, 101, 108, 105, 115, 116)))
local _0x001b = {}
function _0x001b:_0x0081(_0x0082)
local _0x0083 = false
if table.find(_0x0064,_0x0082._0x0084) then
_0x0083 = true
end
if table.find(_0x0064,_0x0082._0x0085) then
_0x0083 = true
end
if table.find(_0x0064,_0x0082._0x0086) then
_0x0083 = true
end
return _0x0083
end
function _0x001b:_0x0087(_0x0088,_0x0033)
local _0x0032 = _0x0088:_0x007c(string.char(70, 117, 110, 99, 116, 105, 111, 110, 115))
if not _0x0032 then _0x0033:_0x0089() return end
local _0x008a = require(_0x0032)
_0x008a:_0x008b(_0x0033)
print(_0x0079..string.char(73, 110, 105, 116, 105, 97, 108, 105, 122, 101, 100, 32).._0x0033._0x004c)
end
local function _0x008c(_0x008d)
_0x008e._0x008f(function()
local _0x0090 = _0x0078:_0x007c(string.char(85, 73, 115))
local _0x0091 = _0x0090:_0x007c(_0x008d)
local _0x0033 = _0x0091:_0x007c(string.char(85, 73))
if not _0x0033 then return end
local _0x0092 = _0x0033:_0x0093()
_0x0092._0x007e = _0x000c._0x0094
_0x0092._0x0095 = true
_0x0092._0x0084 = _0x008d
_0x001b:_0x0087(_0x0091,_0x0092)
end)
end
function _0x001b:_0x0096()
_0x001b:_0x004a(2,string.char(67, 111, 100, 101, 32, 67, 111, 114, 114, 101, 99, 116, 33))
_0x008e._0x0097(1,function()
_0x001b:_0x004a(2,string.char(76, 111, 97, 100, 101, 100, 33))
_0x008c(string.char(72, 117, 98))
end)
end
function _0x001b:_0x0098(_0x0099)
_0x007d = _0x0099
local _0x009a = _0x0078._0x007e:_0x007c(string.char(69, 110, 99, 114, 121, 112, 116)):_0x007c(string.char(80, 97, 115, 115, 119, 111, 114, 100))
if not _0x009a._0x009b then return end
local _0x009c = _0x0065:_0x009d(_0x007d)
if not _0x009c then
_0x001b:_0x004a(2, string.char(67, 111, 100, 101, 32, 111, 114, 32, 75, 101, 121, 32, 73, 110, 99, 111, 114, 114, 101, 99, 116, 33))
end
end
function _0x001b:_0x009e(_0x009f)
_0x0065:_0x00a0(_0x009f)
end
function _0x001b:_0x0067()
local _0x009a = _0x0078._0x007e:_0x007c(string.char(69, 110, 99, 114, 121, 112, 116)):_0x007c(string.char(80, 97, 115, 115, 119, 111, 114, 100))
_0x009a._0x009b = true
local _0x009c = _0x0065:_0x009d(_0x007d) or _0x001b:_0x0081(_0x0005._0x0055._0x000c)
repeat
_0x009c = _0x0065:_0x009d(_0x007d) or _0x001b:_0x0081(_0x0005._0x0055._0x000c)
_0x008e._0x00a1()
until _0x009c == true
_0x009a._0x009b = false
end
function _0x001b:_0x00a2()
_0x001b:_0x004a(2,string.char(73, 110, 105, 116, 105, 97, 108, 105, 122, 105, 110, 103, 46, 46, 46))
_0x008e._0x00a1(1)
_0x001b:_0x004a(3,string.char(76, 111, 97, 100, 105, 110, 103, 32, 66, 97, 115, 101, 32, 83, 99, 114, 105, 112, 116, 46))
_0x008e._0x00a1(1)
_0x001b:_0x0067()
_0x001b:_0x0096()
end
local _0x0011 = _0x0078._0x007e:_0x007c(string.char(78, 111, 116, 105, 102, 105, 99, 97, 116, 105, 111, 110, 115))
function _0x001b:_0x004a(_0x0097, _0x00a3)
_0x007f:_0x004a(_0x0097,_0x0079,_0x00a3)
end
return _0x001b
end;
};
_0x0072[_0x0007[string.char(102)]] = {
_0x0077 = function()
local _0x0078 = _0x0007[string.char(102)];local _0x007f = require(_0x0078._0x007e._0x007e._0x007e._0x007e:_0x000d(string.char(78, 111, 116, 105, 102, 121)))
local _0x00a4 = string.char(91, 65, 115, 121, 110, 99, 72, 117, 98, 93, 32)
local _0x004e = {}
local _0x008a = {}
function _0x008a:_0x008b(_0x0033)
_0x008e._0x008f(function()
local _0x00a5 = require(_0x0078:_0x000d(string.char(85, 73, 45, 73, 116, 101, 109, 83, 101, 116, 117, 112)))
_0x008e._0x008f(function()
_0x00a5:_0x00a6(_0x0033)
end)
local _0x0057 = _0x0033:_0x007c(string.char(70, 114, 97, 109, 101)):_0x007c(string.char(105, 116, 101, 109, 115)):_0x007c(string.char(97, 99, 116, 117, 97, 108, 73, 116, 101, 109, 115))
local _0x00a7 = _0x0005:_0x0006(string.char(85, 115, 101, 114, 73, 110, 112, 117, 116, 83, 101, 114, 118, 105, 99, 101))
local _0x00a8 = _0x0078:_0x000d(string.char(70, 117, 110, 99, 116, 105, 111, 110, 115))
local _0x00a9 = {}
for _0x00aa, _0x00ab in pairs(_0x00a8:_0x00ac()) do
local _0x00ad = require(_0x00ab)
_0x008e._0x008f(function()
_0x00ad:_0x00ae(_0x00a5, _0x0057:_0x007c(_0x00ab._0x0084))
_0x00a9[_0x00ab] = _0x00ad
end)
print(_0x00a4..string.char(76, 111, 97, 100, 101, 100, 32, 70, 117, 110, 99, 116, 105, 111, 110, 58, 32),_0x00ab._0x0084)
end
print(_0x00a4..string.char(76, 111, 97, 100, 101, 100, 32, 70, 117, 110, 99, 116, 105, 111, 110, 115, 58, 32),_0x00a9)
_0x004e[#_0x004e+1] = _0x00a7._0x00af:_0x00b0(function(_0x00b1,_0x00b2)
if _0x00b2 then return end
if _0x00b1._0x00b3 == _0x000e._0x00b3._0x00b4 then
_0x0033._0x0095 = not _0x0033._0x0095
end
end)
local _0x0062 = _0x0033:_0x007c(string.char(70, 114, 97, 109, 101)):_0x007c(string.char(67, 108, 111, 115, 101))
_0x0062._0x0046:_0x00b0(function()
for _0x00aa, _0x00ab in pairs(_0x00a9) do
_0x00ab:_0x00b5()
end
_0x008a:_0x00b5()
print(_0x00a4..string.char(67, 108, 101, 97, 114, 101, 100, 32, 70, 117, 110, 99, 116, 105, 111, 110, 115))
_0x0033:_0x0089()
print(_0x00a4..string.char(85, 73, 32, 67, 76, 79, 83, 69, 68, 33))
end)
local _0x00b9 = {}
local _0x00ba = {}
local _0x00bb = false
local _0x00bc = nil
local _0x00bd = nil
local _0x00be = {}
local _0x00bf = _0x0005._0x0055._0x000c:_0x00c0()
_0x004e[#_0x004e+1] = _0x00a7._0x00af:_0x00b0(function(_0x00b1, _0x00b2)
if _0x00b1._0x00b3 == _0x000e._0x00b3._0x00c1 then
_0x00bb = not _0x00bb
local _0x00c2 = string.char(79, 70, 70)
if _0x00bb then
_0x00c2 = string.char(79, 78)
_0x008e._0x008f(function()
for _0x00aa, _0x00c3 in pairs(_0x0005._0x00c4:_0x00c5()) do
if _0x00c3:_0x00c6(string.char(66, 97, 115, 101, 80, 97, 114, 116)) then
if _0x00c3._0x00c7 == false then
_0x00c3._0x00c7 = true
_0x00c3._0x00c8 = true
print(string.char(80, 65, 82, 84, 32, 70, 73, 88, 69, 68, 58, 32),_0x00c3._0x0084)
end
if _0x00c3._0x00c9 == 1 then
if not _0x00be[_0x00c3] then
_0x00be[_0x00c3] = _0x00c3._0x00c9
end
_0x00c3._0x00c9 = 0.8
end
end
end
end)
_0x008e._0x008f(function()
repeat
local _0x00ca = _0x00bf._0x00cb
if _0x00ca then
if _0x00bc ~= _0x00ca then
_0x00bc = _0x00ca
if _0x00bd then
_0x00bd:_0x0089()
_0x00bd = nil
end
_0x00bd = _0x000a._0x000b(string.char(72, 105, 103, 104, 108, 105, 103, 104, 116))
_0x00bd._0x00cc = 0.85
_0x00bd._0x00cd = 0.5
_0x00bd._0x00ce = _0x0012._0x000b(0, 0.666667, 1)
_0x00bd._0x00cf = _0x0012._0x000b(0, 0.666667, 1)
_0x00bd._0x0095 = true
_0x00bd._0x0084 = string.char(72, 79, 86, 69, 82, 69, 68, 79, 86, 69, 82, 76, 65, 89, 45, 68, 56, 49, 55, 53, 56, 50, 51, 50)
_0x00bd._0x007e = _0x00bc
end
else
_0x00bc = nil
if _0x00bd then
_0x00bd:_0x0089()
_0x00bd = nil
end
end
_0x008e._0x00a1()
until _0x00bb ~= true
end)
else
_0x00bc = nil
if _0x00bd then
_0x00bd:_0x0089()
_0x00bd = nil
end
_0x008e._0x008f(function()
for _0x00aa, _0x00c3 in pairs(_0x0005._0x00c4:_0x00c5()) do
if _0x00c3:_0x00c6(string.char(66, 97, 115, 101, 80, 97, 114, 116)) then
if _0x00be[_0x00c3] then
_0x00c3._0x00c9 = _0x00be[_0x00c3]
end
end
end
end)
end
print(string.char(67, 84, 68, 32, 84, 111, 103, 103, 108, 101, 100, 58, 32), _0x00bb)
local _0x00d0 = string.char(79, 70, 70)
if _0x00bb then
_0x00d0 = string.char(79, 78)
end
_0x007f:_0x004a(1,string.char(91, 72, 117, 98, 93),string.char(67, 108, 105, 99, 107, 32, 116, 111, 32, 68, 101, 108, 101, 116, 101, 100, 32, 84, 111, 103, 103, 108, 101, 100, 44, 32).._0x00d0)
end
if _0x00b1._0x00b3 == _0x000e._0x00b3._0x00d1 then
if #_0x00b9 > 0 then
local _0x00d2 = _0x00b9[#_0x00b9]
local _0x00d3 = _0x00ba[_0x00d2]
_0x00d2._0x007e = _0x00d3
for _0x00aa, _0x00c3 in pairs(_0x00d2:_0x00c5()) do
if _0x00c3._0x0084 == string.char(72, 79, 86, 69, 82, 69, 68, 79, 86, 69, 82, 76, 65, 89, 45, 68, 56, 49, 55, 53, 56, 50, 51, 50) then
_0x00c3:_0x0089()
end
end
if _0x00be[_0x00d2] then
_0x00d2._0x00c9 = _0x00be[_0x00d2]
end
_0x00b9[#_0x00b9] = nil
_0x00ba[_0x00d2] = nil
print(string.char(82, 101, 115, 116, 111, 114, 101, 100, 32, 79, 98, 106, 101, 99, 116, 58, 32), _0x00d2._0x0084)
_0x007f:_0x004a(1,string.char(91, 72, 117, 98, 93),string.char(82, 101, 115, 116, 111, 114, 101, 100, 32, 79, 98, 106, 101, 99, 116, 58, 32).._0x00d2._0x0084)
end
end
if _0x00b1._0x00b3 == _0x000e._0x00b3._0x00d4 then
print(string.char(70, 49, 48, 32, 80, 114, 101, 115, 115, 101, 100))
_0x007f:_0x004a(1,string.char(91, 72, 117, 98, 93),string.char(68, 101, 108, 101, 116, 105, 110, 103, 32, 66, 97, 114, 114, 105, 101, 114, 115, 33))
local _0x00d5 = 0
for _0x00aa, _0x00c3 in pairs(_0x0005._0x00c4:_0x00c5()) do
if _0x00c3:_0x00c6(string.char(66, 97, 115, 101, 80, 97, 114, 116)) then
if _0x00c3._0x00c9 <= 0.85 and _0x00c3._0x00c9 >= 0.75 then
if _0x00c3._0x00d6 == _0x0012._0x000b(1,0,0) then
_0x00c3:_0x0089()
_0x00d5 = _0x00d5 + 1
print(string.char(66, 65, 82, 82, 73, 69, 82, 32, 68, 69, 83, 84, 82, 79, 89, 69, 68))
else
_0x00d7(string.char(67, 79, 76, 79, 82, 32, 87, 82, 79, 78, 71, 44, 32, 67, 79, 76, 79, 82, 58, 32),_0x00c3._0x00d6)
end
else
_0x00d7(string.char(84, 82, 65, 78, 83, 80, 65, 82, 69, 78, 67, 89, 32, 73, 83, 32, 87, 82, 79, 78, 71, 58, 32),_0x00c3._0x00c9)
end
end
end
if _0x00d5 > 0 then
print(string.char(68, 69, 76, 69, 84, 69, 68, 32, 66, 65, 82, 82, 73, 69, 82, 83, 32, 83, 85, 67, 67, 69, 83, 83, 44, 32, 68, 69, 76, 69, 84, 69, 68, 58, 32)..string.char(32, 66, 65, 82, 82, 73, 69, 82, 83, 33, 33, 33))
end
_0x007f:_0x004a(1,string.char(91, 72, 117, 98, 93),string.char(83, 117, 99, 99, 101, 115, 115, 44, 32, 68, 101, 108, 101, 116, 101, 100, 58, 32).._0x00d5..string.char(32, 66, 97, 114, 114, 105, 101, 114, 115, 33))
end
end)
_0x004e[#_0x004e+1] = _0x00bf._0x00d8:_0x00b0(function()
if _0x00bb then
local _0x00d9 = _0x00bf._0x00cb
if _0x00d9 then
local _0x00da = _0x00d9:_0x0093()
if _0x00be[_0x00d9] then
_0x00be[_0x00da] = _0x00be[_0x00d9]
end
_0x00b9[#_0x00b9+1] = _0x00da
_0x00ba[_0x00da] = _0x00d9._0x007e
print(string.char(68, 101, 108, 101, 116, 101, 100, 32, 79, 98, 106, 101, 99, 116, 58, 32), _0x00d9._0x0084, string.char(32, 105, 110, 58, 32), _0x00d9._0x007e)
_0x00d9:_0x0089()
_0x007f:_0x004a(1,string.char(91, 77, 97, 105, 110, 93),string.char(68, 101, 108, 101, 116, 101, 100, 32, 79, 98, 106, 101, 99, 116, 58, 32).._0x00d9._0x0084)
end
end
end)
_0x007f:_0x004a(3,string.char(91, 72, 117, 98, 93), string.char(77, 111, 100, 117, 108, 101, 32, 76, 111, 97, 100, 101, 100, 32, 83, 117, 99, 99, 101, 115, 115, 102, 117, 108, 108, 121))
end)
end
function _0x008a:_0x00b5()
for _0x00db, _0x00c3 in ipairs(_0x004e) do
if _0x00dc(_0x00c3) == string.char(82, 66, 88, 83, 99, 114, 105, 112, 116, 67, 111, 110, 110, 101, 99, 116, 105, 111, 110) then
if _0x00c3._0x00dd then
_0x00c3:_0x00de()
end
elseif _0x00dc(_0x00c3) == string.char(73, 110, 115, 116, 97, 110, 99, 101) then
if _0x00c3._0x007e then
_0x00c3:_0x0089()
end
elseif type(_0x00c3) == string.char(102, 117, 110, 99, 116, 105, 111, 110) then
_0x00c3()
elseif type(_0x00c3) == string.char(116, 97, 98, 108, 101) then
if _0x00c3._0x0089 then
_0x00c3:_0x0089()
elseif _0x00c3._0x00ea then
_0x00c3:_0x00ea()
end
end
_0x004e[_0x00db] = nil
end
end
return _0x008a
end;
};
_0x0072[_0x0007[string.char(49, 48)]] = {
_0x0077 = function()
local _0x0078 = _0x0007[string.char(49, 48)];local _0x00ec = _0x0005:_0x0006(string.char(67, 111, 108, 108, 101, 99, 116, 105, 111, 110, 83, 101, 114, 118, 105, 99, 101))
local _0x00ed = _0x0005:_0x0006(string.char(84, 119, 101, 101, 110, 83, 101, 114, 118, 105, 99, 101))
local _0x00a5 = {}
function _0x00a5:_0x00a6(_0x0033)
for _0x00aa, _0x00c3 in pairs(_0x0033:_0x00c5()) do
if _0x00ec:_0x00ee(_0x00c3, string.char(73, 116, 101, 109)) then
local _0x0039 = _0x00c3:_0x00ef(string.char(73, 116, 101, 109, 84, 121, 112, 101))
if _0x0039 == string.char(84, 111, 103, 103, 108, 101, 83, 108, 105, 100, 101, 114) then
_0x00a5:_0x00f0(_0x00c3)
end
if _0x0039 == string.char(84, 101, 120, 116, 66, 111, 120) then
_0x00a5:_0x00f1(_0x00c3)
end
if _0x0039 == string.char(66, 117, 116, 116, 111, 110) then
_0x00a5:_0x00f2(_0x00c3)
end
end
end
end
function _0x00a5:_0x00f2(_0x00d9)
local _0x00f3 = _0x00d9:_0x007c(string.char(65, 99, 116, 117, 97, 108, 66, 117, 116, 116, 111, 110))
local _0x00f4 = false
local function _0x00f5()
_0x00d9:_0x0038(string.char(65, 99, 116, 105, 118, 97, 116, 101, 100),_0x00f4)
end
_0x00f3._0x00af:_0x00b0(function(_0x00b1)
if _0x00b1._0x00f6 == _0x000e._0x00f6._0x00f7
or _0x00b1._0x00f6 == _0x000e._0x00f6._0x00f8 then
_0x00f4 = true
_0x00f5()
end
end)
_0x00f3._0x00f9:_0x00b0(function(_0x00b1)
if _0x00b1._0x00f6 == _0x000e._0x00f6._0x00f7
or _0x00b1._0x00f6 == _0x000e._0x00f6._0x00f8 then
_0x00f4 = false
_0x00f5()
end
end)
end
function _0x00a5:_0x00f1(_0x00d9)
local _0x0036 = _0x00d9:_0x007c(string.char(84, 101, 120, 116, 66, 111, 120))
local _0x00a3 = _0x0036._0x00fa
_0x00d9:_0x0038(string.char(79, 117, 116, 112, 117, 116),_0x00a3)
_0x0036._0x00fb:_0x00b0(function()
_0x00a3 = _0x0036._0x00fa
_0x00d9:_0x0038(string.char(79, 117, 116, 112, 117, 116),_0x00a3)
end)
end
function _0x00a5:_0x00f0(_0x00d9)
local _0x0040 = _0x00d9:_0x00ef(string.char(68, 101, 102, 97, 117, 108, 116, 80, 111, 115, 105, 116, 105, 111, 110))
local _0x0041 = _0x0040
local _0x00fc = string.char(111, 102, 102)
if _0x0040 == true then
_0x00fc = string.char(111, 110)
end
local _0x00fd = _0x00d9:_0x007c(_0x00fc):_0x0093()
_0x00fd._0x007e = _0x00d9
_0x00fd._0x0084 = string.char(84, 111, 103, 103, 108, 101, 79, 98, 106, 101, 99, 116)
_0x00fd._0x009b = true
local _0x00fe = false
local function _0x00ff()
local _0x0100 = _0x0101._0x000b(0.5/2,_0x000e._0x0102._0x0103,_0x000e._0x0104._0x0105)
local _0x0106 = _0x0101._0x000b(0.75/2,_0x000e._0x0102._0x0103,_0x000e._0x0104._0x0107)
if _0x0041 == true then
local _0x0108 = _0x00ed:_0x0109(_0x00d9,_0x0100,{
_0x010a = _0x0012._0x0013(0, (537 / 3), 0)
}):_0x010b()
else
local _0x0108 = _0x00ed:_0x0109(_0x00d9,_0x0100,{
_0x010a = _0x0012._0x0013(212, 0, 0)
}):_0x010b()
end
local _0x010c = string.char(111, 102, 102)
if _0x0041 == true then
_0x010c = string.char(111, 110)
end
local _0x010d = _0x00ed:_0x0109(_0x00fd,_0x0106,{
_0x0041 = _0x00d9:_0x007c(_0x010c)._0x0041
}):_0x010b()
_0x00d9:_0x0038(string.char(80, 111, 115, 105, 116, 105, 111, 110),_0x0041)
end
_0x00ff()
local _0x0044 = _0x00d9:_0x007c(string.char(65, 99, 116, 117, 97, 108, 66, 117, 116, 116, 111, 110))
_0x0044._0x0046:_0x00b0(function()
if _0x00fe then return end
_0x00fe = true
_0x008e._0x0097(0.4,function()
_0x00fe = false
end)
_0x0041 = not _0x0041
_0x00ff()
end)
end
function _0x00a5:_0x010e(_0x00d9, _0x010f)
local _0x0110
if _0x010f == string.char(84, 111, 103, 103, 108, 101, 83, 108, 105, 100, 101, 114) then
_0x0110 = string.char(80, 111, 115, 105, 116, 105, 111, 110)
elseif _0x010f == string.char(84, 101, 120, 116, 66, 111, 120) then
_0x0110 = string.char(79, 117, 116, 112, 117, 116)
elseif _0x010f == string.char(66, 117, 116, 116, 111, 110) then
_0x0110 = string.char(65, 99, 116, 105, 118, 97, 116, 101, 100)
end
local _0x0111 = _0x000a._0x000b(string.char(66, 105, 110, 100, 97, 98, 108, 101, 69, 118, 101, 110, 116))
_0x00d9:_0x0112(_0x0110):_0x00b0(function()
local _0x0113 = _0x00d9:_0x00ef(_0x0110)
_0x0111:_0x0114(_0x0113)
end)
return _0x0111._0x0115
end
return _0x00a5
end;
};
_0x0072[_0x0007[string.char(50, 98)]] = {
_0x0077 = function()
local _0x0078 = _0x0007[string.char(50, 98)];local _0x007f = require(_0x0078._0x007e._0x007e:_0x000d(string.char(78, 111, 116, 105, 102, 121)))
local _0x004e = {}
local _0x0116 = {}
function _0x0116:_0x00ae(_0x00a5, _0x0117)
local _0x00a4 = string.char(91, 65, 83, 89, 78, 67, 93, 32, 91, 70, 108, 111, 97, 116, 101, 114, 93, 32)
_0x007f:_0x004a(3,_0x00a4,string.char(76, 111, 97, 100, 101, 100, 33))
local _0x00a7 = _0x0005:_0x0006(string.char(85, 115, 101, 114, 73, 110, 112, 117, 116, 83, 101, 114, 118, 105, 99, 101))
local _0x0118 = _0x0005._0x0055._0x000c
local _0x007a = _0x0005:_0x0006(string.char(82, 117, 110, 83, 101, 114, 118, 105, 99, 101))
local _0x0119 = _0x0118._0x0119
if not _0x0119 then _0x0078._0x007e:_0x0089() end
local _0x011a = _0x0119:_0x000d(string.char(72, 117, 109, 97, 110, 111, 105, 100, 82, 111, 111, 116, 80, 97, 114, 116))
local _0x011b = _0x011a._0x0041 - _0x011c._0x000b(0,3.5,0)
local _0x011d = nil
local function _0x011e()
if _0x011d and _0x011d ~= nil and _0x011d._0x007e ~= nil then
return true
end
return false
end
local function _0x011f()
if _0x011e() then return end
local _0x000b = _0x000a._0x000b(string.char(80, 97, 114, 116))
_0x000b._0x0120 = true
_0x000b._0x007e = _0x0005._0x00c4
_0x000b._0x0041 = _0x011b
_0x000b._0x0121 = _0x011c._0x000b(3,0.5,3)
_0x000b._0x00d6 = _0x0012._0x000b(0,0,0)
_0x000b._0x0084 = string.char(70, 108, 111, 97, 116, 105, 110, 103, 80, 108, 97, 116, 102, 111, 114, 109)
_0x000b._0x0122 = false
_0x000b._0x00c9 = 0
_0x000b._0x0123 = _0x000e._0x0123._0x0124
local _0x0125 = _0x000a._0x000b(string.char(72, 105, 103, 104, 108, 105, 103, 104, 116))
_0x0125._0x00ce = _0x0012._0x000b(1,1,1)
_0x0125._0x00cc = 0.5
_0x0125._0x00cf = _0x0012._0x000b(1, 1, 1)
_0x0125._0x00cd = 0.5
_0x0125._0x0126 = _0x000b
_0x0125._0x007e = _0x000b
_0x011d = _0x000b
_0x004e[#_0x004e+1] = _0x000b
end
local function _0x005d()
_0x011f()
local _0x0127 = _0x011b._0x0128
local _0x0129 = 0
_0x008e._0x008f(function()
_0x004e[#_0x004e+1] = _0x007a._0x012a:_0x00b0(function()
local _0x012b = _0x011c._0x000b(0,_0x0129,0)
local _0x011b = _0x011c._0x000b(_0x011a._0x0041._0x0063,_0x0127,_0x011a._0x0041._0x012c) + _0x012b
_0x011d._0x0041 = _0x011b
_0x011f()
end)
end)
_0x004e[#_0x004e+1] = _0x00a7._0x00af:_0x00b0(function(_0x00b1,_0x00b2)
if not _0x00b2 then
if _0x00b1._0x00b3 == _0x000e._0x00b3._0x012d then
_0x0129 = _0x0129 + 2.2
end
if _0x00b1._0x00b3 == _0x000e._0x00b3._0x012e then
_0x0129 = _0x0129 - 2.2
end
end
end)
_0x004e[#_0x004e+1] = _0x00a5:_0x010e(_0x0117:_0x007c(string.char(117, 112)), string.char(66, 117, 116, 116, 111, 110)):_0x00b0(function(_0x012f)
if not _0x012f then return end
_0x0129 = _0x0129 + 2.2
end)
_0x004e[#_0x004e+1] = _0x00a5:_0x010e(_0x0117:_0x007c(string.char(100, 111, 119, 110)), string.char(66, 117, 116, 116, 111, 110)):_0x00b0(function(_0x012f)
if not _0x012f then return end
_0x0129 = _0x0129 - 2.2
end)
end
_0x00a5:_0x010e(_0x0117:_0x007c(string.char(116, 111, 103, 103, 108, 101)), string.char(84, 111, 103, 103, 108, 101, 83, 108, 105, 100, 101, 114)):_0x00b0(function(_0x012f)
if _0x012f then
_0x005d()
else
_0x0116:_0x00b5()
end
end)
end
function _0x0116:_0x00b5()
for _0x00db, _0x00c3 in ipairs(_0x004e) do
if _0x00dc(_0x00c3) == string.char(82, 66, 88, 83, 99, 114, 105, 112, 116, 67, 111, 110, 110, 101, 99, 116, 105, 111, 110) then
if _0x00c3._0x00dd then
_0x00c3:_0x00de()
end
elseif _0x00dc(_0x00c3) == string.char(73, 110, 115, 116, 97, 110, 99, 101) then
if _0x00c3._0x007e then
_0x00c3:_0x0089()
end
elseif type(_0x00c3) == string.char(102, 117, 110, 99, 116, 105, 111, 110) then
_0x00c3()
elseif type(_0x00c3) == string.char(116, 97, 98, 108, 101) then
if _0x00c3._0x0089 then
_0x00c3:_0x0089()
elseif _0x00c3._0x00ea then
_0x00c3:_0x00ea()
end
end
_0x004e[_0x00db] = nil
end
end
return _0x0116
end;
};
_0x0072[_0x0007[string.char(50, 99)]] = {
_0x0077 = function()
local _0x0078 = _0x0007[string.char(50, 99)];local _0x007f = require(_0x0078._0x007e._0x007e:_0x000d(string.char(78, 111, 116, 105, 102, 121)))
local _0x004e = {}
local _0x0116 = {}
function _0x0116:_0x00ae(_0x00a5, _0x0117)
local _0x007a = _0x0005:_0x0006(string.char(82, 117, 110, 83, 101, 114, 118, 105, 99, 101))
local _0x00a4 = string.char(91, 65, 83, 89, 78, 67, 93, 32, 91, 69, 83, 80, 93, 32)
_0x007f:_0x004a(3,_0x00a4,string.char(76, 111, 97, 100, 101, 100, 33))
local _0x0131 = false
local _0x0132 = {}
local _0x0133 = {}
local function _0x0134(_0x0135)
if _0x0133[_0x0135] then
return
end
local _0x0136 = _0x000a._0x000b(string.char(66, 105, 108, 108, 98, 111, 97, 114, 100, 71, 117, 105))
_0x0136._0x0121 = _0x0014._0x000b((87 - 82),0,2,0)
_0x0136._0x0137 = _0x011c._0x000b(0,(8 / 2),0)
_0x0136._0x0138 = true
_0x0136._0x0084 = string.char(72, 85, 68, 73, 110, 100, 105, 99, 97, 116, 111, 114, 45, 33, 56, 52, 50, 70)
_0x0136._0x0126 = _0x0135:_0x007c(string.char(72, 101, 97, 100))
local _0x0139 = _0x000a._0x000b(string.char(84, 101, 120, 116, 76, 97, 98, 101, 108),_0x0136)
_0x0139._0x0121 = _0x0014._0x000b(1,0,1,0)
_0x0139._0x013a = 1
_0x0139._0x013b = _0x0012._0x000b((127 + 128),(127 + 128),(282 - 27))
_0x0139._0x0084 = _0x0135._0x0084
_0x0139._0x013c = true
local _0x013d = string._0x013e(_0x0135._0x0084,string.char(77, 111, 110, 115, 116, 101, 114))
_0x0139._0x00fa = _0x013d[1]
_0x0136._0x007e = _0x0135
_0x0133[_0x0135] = _0x0136
_0x004e[#_0x004e+1] = _0x0136
end
local function _0x00ff(_0x013f)
if _0x013f then
_0x008e._0x008f(function()
_0x004e[string.char(77, 111, 110, 115, 116, 101, 114, 73, 110, 100, 105, 99, 97, 116, 111, 114)] = _0x007a._0x012a:_0x00b0(function()
for _0x00aa, _0x00c3 in pairs(_0x0005._0x00c4:_0x00c5()) do
local _0x00d9 = _0x00c3
if not _0x00d9:_0x00c6(string.char(66, 97, 115, 101, 80, 97, 114, 116)) and not _0x00d9:_0x00c6(string.char(66, 105, 108, 108, 98, 111, 97, 114, 100, 71, 117, 105)) and _0x00d9:_0x00c6(string.char(77, 111, 100, 101, 108)) then
if string.find(string.lower(_0x00d9._0x0084), string.char(109, 111, 110, 115, 116, 101, 114)) then
if not _0x0132[_0x00d9] then
local _0x0140 = _0x000a._0x000b(string.char(72, 105, 103, 104, 108, 105, 103, 104, 116))
_0x0140._0x0084 = string.char(73, 110, 100, 105, 99, 97, 116, 111, 114, 72, 85, 68, 45, 45)
_0x0140._0x0095 = true
_0x0140._0x007e = _0x00d9
_0x0140._0x00cc = 0.5
_0x0140._0x00cd = 0.5
_0x0140._0x00ce = _0x0012._0x000b(0.560784, 0, 0)
_0x0140._0x00cf = _0x0012._0x000b(0.560784, 0, 0)
_0x0132[_0x00d9] = _0x0140
_0x004e[#_0x004e+1] = _0x0140
_0x0134(_0x00d9)
print(string.char(77, 97, 114, 107, 101, 100, 58, 32), _0x00d9._0x0084)
end
end
end
end
_0x008e._0x00a1(1.5)
end)
end)
else
for _0x00aa, _0x0140 in _0x0132 do
_0x0140:_0x0089()
end
for _0x00aa, _0x0141 in _0x0133 do
_0x0141:_0x0089()
end
for _0x00aa, _0x0142 in pairs(_0x0005._0x00c4:_0x00c5()) do
if _0x0142._0x0084 == string.char(72, 85, 68, 73, 110, 100, 105, 99, 97, 116, 111, 114, 45, 33, 56, 52, 50, 70) or _0x0142._0x0084 == string.char(73, 110, 100, 105, 99, 97, 116, 111, 114, 72, 85, 68, 45, 45) then
_0x0142:_0x0089()
end
end
if _0x004e[string.char(77, 111, 110, 115, 116, 101, 114, 73, 110, 100, 105, 99, 97, 116, 111, 114)] then
_0x004e[string.char(77, 111, 110, 115, 116, 101, 114, 73, 110, 100, 105, 99, 97, 116, 111, 114)]:_0x00de()
_0x004e[string.char(77, 111, 110, 115, 116, 101, 114, 73, 110, 100, 105, 99, 97, 116, 111, 114)] = nil
end
table._0x0143(_0x0132)
table._0x0143(_0x0133)
end
end
_0x00a5:_0x010e(_0x0117:_0x007c(string.char(77, 111, 110, 115, 116, 101, 114, 83, 108, 105, 100, 101, 114)), string.char(84, 111, 103, 103, 108, 101, 83, 108, 105, 100, 101, 114)):_0x00b0(function(_0x012f)
_0x0131 = not _0x0131
_0x00ff(_0x012f)
end)
local _0x0145 = false
local _0x0146 = {}
local _0x0147 = {}
local function _0x0148(_0x0135,_0x0149)
if _0x0147[_0x0135] then
return
end
local _0x0136 = _0x000a._0x000b(string.char(66, 105, 108, 108, 98, 111, 97, 114, 100, 71, 117, 105))
_0x0136._0x0121 = _0x0014._0x000b((20 / 4),0,2,0)
_0x0136._0x0137 = _0x011c._0x000b(0,(12 / 3),0)
_0x0136._0x0138 = true
_0x0136._0x0084 = string.char(72, 85, 68, 73, 110, 100, 105, 99, 97, 116, 111, 114, 45, 33, 56, 52, 50, 69)
_0x0136._0x0126 = _0x0135:_0x007c(string.char(72, 101, 97, 100))
local _0x0139 = _0x000a._0x000b(string.char(84, 101, 120, 116, 76, 97, 98, 101, 108),_0x0136)
_0x0139._0x0121 = _0x0014._0x000b(1,0,1,0)
_0x0139._0x013a = 1
_0x0139._0x013b = _0x0012._0x000b(0.333333, 1, 0)
_0x0139._0x0084 = _0x0135._0x0084
_0x0139._0x013c = true
_0x0139._0x00fa = _0x0149
_0x0136._0x007e = _0x0135
_0x0147[_0x0135] = _0x0136
_0x004e[#_0x004e+1] = _0x0136
end
local function _0x014a(_0x013f)
if _0x013f then
_0x008e._0x008f(function()
_0x004e[string.char(80, 108, 97, 121, 101, 114, 73, 110, 100, 105, 99, 97, 116, 111, 114)] = _0x007a._0x012a:_0x00b0(function()
local _0x0055 = _0x0005:_0x0006(string.char(80, 108, 97, 121, 101, 114, 115))
for _0x00aa, _0x014b in pairs(_0x0055:_0x014c()) do
if _0x014b ~= _0x0055._0x000c then
local _0x00d9 = _0x014b._0x0119
if _0x00d9 then
if not _0x0146[_0x00d9] then
local _0x0140 = _0x000a._0x000b(string.char(72, 105, 103, 104, 108, 105, 103, 104, 116))
_0x0140._0x0084 = string.char(73, 110, 100, 105, 99, 97, 116, 111, 114, 72, 85, 68, 45, 45)
_0x0140._0x0095 = true
_0x0140._0x007e = _0x00d9
_0x0140._0x00cc = 0.5
_0x0140._0x00cd = 0.5
_0x0140._0x00ce = _0x0012._0x000b(0, 0.666667, 0)
_0x0140._0x00cf = _0x0012._0x000b(0, 0.666667, 0)
_0x0146[_0x00d9] = _0x0140
_0x004e[#_0x004e+1] = _0x0140
_0x0148(_0x00d9, _0x014b._0x0085)
print(string.char(77, 97, 114, 107, 101, 100, 32, 65, 108, 108, 121, 58, 32), _0x00d9._0x0084, _0x014b._0x0085)
end
end
end
end
_0x008e._0x00a1(1.5)
end)
end)
else
for _0x00aa, _0x0140 in _0x0146 do
_0x0140:_0x0089()
end
for _0x00aa, _0x0141 in _0x0147 do
_0x0141:_0x0089()
end
for _0x00aa, _0x0142 in pairs(_0x0005._0x00c4:_0x00c5()) do
if _0x0142._0x0084 == string.char(72, 85, 68, 73, 110, 100, 105, 99, 97, 116, 111, 114, 45, 33, 56, 52, 50, 69) or _0x0142._0x0084 == string.char(73, 110, 100, 105, 99, 97, 116, 111, 114, 72, 85, 68, 45, 45) then
_0x0142:_0x0089()
end
end
if _0x004e[string.char(80, 108, 97, 121, 101, 114, 73, 110, 100, 105, 99, 97, 116, 111, 114)] then
_0x004e[string.char(80, 108, 97, 121, 101, 114, 73, 110, 100, 105, 99, 97, 116, 111, 114)]:_0x00de()
_0x004e[string.char(80, 108, 97, 121, 101, 114, 73, 110, 100, 105, 99, 97, 116, 111, 114)] = nil
end
table._0x0143(_0x0146)
table._0x0143(_0x0147)
print(string.char(85, 78, 77, 65, 82, 75, 69, 68, 32, 65, 76, 76, 73, 69, 83))
end
end
_0x00a5:_0x010e(_0x0117:_0x007c(string.char(80, 108, 97, 121, 101, 114, 83, 108, 105, 100, 101, 114)), string.char(84, 111, 103, 103, 108, 101, 83, 108, 105, 100, 101, 114)):_0x00b0(function(_0x012f)
_0x0145 = not _0x0145
_0x014a(_0x012f)
end)
local _0x0150 = {}
local _0x0151 = {}
local function _0x0152()
local _0x0153 = _0x0005._0x00c4:_0x007c(string.char(67, 117, 114, 114, 101, 110, 116, 82, 111, 111, 109))
if not _0x0153 then return nil end
local _0x0154 = nil
for _0x00aa, _0x0142 in pairs(_0x0153:_0x00ac()) do
if _0x0142 ~= nil then
_0x0154 = _0x0142
break
end
end
if _0x0154 and _0x0154 ~= nil and _0x0154._0x007e ~= nil then
return _0x0154
else
return nil
end
end
local function _0x0155(_0x0135,_0x0156)
if _0x0151[_0x0135] then
return
end
local _0x0136 = _0x000a._0x000b(string.char(66, 105, 108, 108, 98, 111, 97, 114, 100, 71, 117, 105))
_0x0136._0x0121 = _0x0014._0x000b(10,0,4,0)
_0x0136._0x0137 = _0x011c._0x000b(0,(8 / 2),0)
_0x0136._0x0138 = true
_0x0136._0x0084 = string.char(72, 85, 68, 73, 110, 100, 105, 99, 97, 116, 111, 114, 45, 33, 56, 52, 50, 90)
_0x0136._0x0126 = _0x0135:_0x007c(string.char(72, 101, 97, 100))
local _0x0139 = _0x000a._0x000b(string.char(84, 101, 120, 116, 76, 97, 98, 101, 108),_0x0136)
_0x0139._0x0121 = _0x0014._0x000b(1,0,1,0)
_0x0139._0x013a = 1
_0x0139._0x013b = _0x0012._0x000b(0.729412, 0.729412, 0.729412)
_0x0139._0x0084 = _0x0135._0x0084
_0x0139._0x00fa = _0x0135._0x0084
if _0x0156 ~= string.char(71, 101, 110, 101, 114, 97, 116, 111, 114, 115) then
_0x0139._0x013b = _0x0012._0x000b(0, 0.666667, 1)
end
_0x0139._0x013c = true
_0x0136._0x007e = _0x0135
_0x0151[_0x0135] = _0x0136
_0x004e[#_0x004e+1] = _0x0136
end
local function _0x0157(_0x00c3)
for _0x00aa, _0x00d9 in pairs(_0x00c3:_0x00ac()) do
if _0x00d9 then
if not _0x0150[_0x00d9] then
local _0x0156 = _0x00c3._0x0084
if _0x0156 == string.char(71, 101, 110, 101, 114, 97, 116, 111, 114, 115) then
local _0x0140 = _0x000a._0x000b(string.char(72, 105, 103, 104, 108, 105, 103, 104, 116))
_0x0140._0x0084 = string.char(73, 110, 100, 105, 99, 97, 116, 111, 114, 72, 85, 68, 45, 45)
_0x0140._0x0095 = true
_0x0140._0x007e = _0x00d9
_0x0140._0x00cc = 0.5
_0x0140._0x00cd = 0.5
_0x0140._0x00ce = _0x0012._0x000b(0, 0, 0)
_0x0140._0x00cf = _0x0012._0x000b(0.741176, 0.741176, 0.741176)
_0x0150[_0x00d9] = _0x0140
_0x004e[#_0x004e+1] = _0x0140
_0x0155(_0x00d9,_0x0156)
print(string.char(77, 97, 114, 107, 101, 100, 32, 79, 98, 106, 101, 99, 116, 58, 32), _0x00d9._0x0084, string.char(84, 121, 112, 101, 58, 32),_0x0156)
else
local _0x0140 = _0x000a._0x000b(string.char(72, 105, 103, 104, 108, 105, 103, 104, 116))
_0x0140._0x0084 = string.char(73, 110, 100, 105, 99, 97, 116, 111, 114, 72, 85, 68, 45, 45)
_0x0140._0x0095 = true
_0x0140._0x007e = _0x00d9
_0x0140._0x00cc = 0.5
_0x0140._0x00cd = 0.5
_0x0140._0x00ce = _0x0012._0x000b(0, 0.666667, 1)
_0x0140._0x00cf = _0x0012._0x000b(0, 0.666667, 1)
_0x0150[_0x00d9] = _0x0140
_0x004e[#_0x004e+1] = _0x0140
_0x0155(_0x00d9,_0x0156)
print(string.char(77, 97, 114, 107, 101, 100, 32, 79, 98, 106, 101, 99, 116, 58, 32), _0x00d9._0x0084, string.char(84, 121, 112, 101, 58, 32),_0x0156)
end
end
end
end
end
local _0x0158 = false
local function _0x0159(_0x013f)
if _0x013f then
_0x008e._0x008f(function()
_0x004e[string.char(79, 98, 106, 101, 99, 116, 73, 110, 100, 105, 99, 97, 116, 111, 114)] = _0x007a._0x012a:_0x00b0(function()
local _0x0154 = _0x0152()
if _0x0154 ~= nil then
for _0x00aa, _0x00c3 in pairs(_0x0154:_0x00ac()) do
if _0x00c3._0x0084 == string.char(71, 101, 110, 101, 114, 97, 116, 111, 114, 115) or _0x00c3._0x0084 == string.char(73, 116, 101, 109, 115) then
_0x0157(_0x00c3)
end
end
end
_0x008e._0x00a1(1.5)
end)
end)
else
for _0x00aa, _0x0140 in _0x0150 do
_0x0140:_0x0089()
end
for _0x00aa, _0x0141 in _0x0151 do
_0x0141:_0x0089()
end
for _0x00aa, _0x0142 in pairs(_0x0005._0x00c4:_0x00c5()) do
if _0x0142._0x0084 == string.char(72, 85, 68, 73, 110, 100, 105, 99, 97, 116, 111, 114, 45, 33, 56, 52, 50, 90) or _0x0142._0x0084 == string.char(73, 110, 100, 105, 99, 97, 116, 111, 114, 72, 85, 68, 45, 45) then
_0x0142:_0x0089()
end
end
if _0x004e[string.char(79, 98, 106, 101, 99, 116, 73, 110, 100, 105, 99, 97, 116, 111, 114)] then
_0x004e[string.char(79, 98, 106, 101, 99, 116, 73, 110, 100, 105, 99, 97, 116, 111, 114)]:_0x00de()
_0x004e[string.char(79, 98, 106, 101, 99, 116, 73, 110, 100, 105, 99, 97, 116, 111, 114)] = nil
end
table._0x0143(_0x0150)
table._0x0143(_0x0151)
print(string.char(85, 78, 77, 65, 82, 75, 69, 68, 32, 79, 66, 74, 69, 67, 84, 83))
end
end
_0x00a5:_0x010e(_0x0117:_0x007c(string.char(79, 98, 106, 101, 99, 116, 83, 108, 105, 100, 101, 114)), string.char(84, 111, 103, 103, 108, 101, 83, 108, 105, 100, 101, 114)):_0x00b0(function(_0x012f)
_0x0158 = not _0x0158
_0x0159(_0x012f)
end)
end
function _0x0116:_0x00b5()
for _0x00db, _0x00c3 in ipairs(_0x004e) do
if _0x00dc(_0x00c3) == string.char(82, 66, 88, 83, 99, 114, 105, 112, 116, 67, 111, 110, 110, 101, 99, 116, 105, 111, 110) then
if _0x00c3._0x00dd then
_0x00c3:_0x00de()
end
elseif _0x00dc(_0x00c3) == string.char(73, 110, 115, 116, 97, 110, 99, 101) then
if _0x00c3._0x007e then
_0x00c3:_0x0089()
end
elseif type(_0x00c3) == string.char(102, 117, 110, 99, 116, 105, 111, 110) then
_0x00c3()
elseif type(_0x00c3) == string.char(116, 97, 98, 108, 101) then
if _0x00c3._0x0089 then
_0x00c3:_0x0089()
elseif _0x00c3._0x00ea then
_0x00c3:_0x00ea()
end
end
_0x004e[_0x00db] = nil
end
end
return _0x0116
end;
};
_0x0072[_0x0007[string.char(50, 100)]] = {
_0x0077 = function()
local _0x0078 = _0x0007[string.char(50, 100)];local _0x007f = require(_0x0078._0x007e._0x007e:_0x000d(string.char(78, 111, 116, 105, 102, 121)))
local _0x007a = _0x0005:_0x0006(string.char(82, 117, 110, 83, 101, 114, 118, 105, 99, 101))
local _0x015a = 0
local _0x004e = {}
local _0x0116 = {}
function _0x0116:_0x00ae(_0x00a5, _0x0117)
local _0x015b = (10 + 10)
local _0x015c = 0
local _0x014b = _0x0005._0x0055._0x000c
_0x014b:_0x0038(string.char(65, 115, 121, 110, 99, 72, 117, 98, 83, 112, 101, 101, 100),(2 + 3))
local function _0x005d()
local _0x014b = _0x0005._0x0055._0x000c
local _0x015d = _0x014b._0x0119
if not _0x015d then return end
local _0x015e = _0x015d:_0x000d(string.char(72, 117, 109, 97, 110, 111, 105, 100))
if not _0x015e then return end
if _0x015a == 0 then
_0x015a = _0x015e._0x015f
end
local _0x0160 = 0
if _0x015a ~= _0x015b then
_0x0160 = _0x015a
else
_0x0160 = _0x015b
end
local _0x00a7 = _0x0005:_0x0006(string.char(85, 115, 101, 114, 73, 110, 112, 117, 116, 83, 101, 114, 118, 105, 99, 101))
_0x008e._0x008f(function()
_0x004e[#_0x004e+1] = _0x007a._0x012a:_0x00b0(function()
_0x008e._0x00a1()
_0x015d = _0x014b._0x0119
if not _0x015d then return end
_0x015e = _0x015d:_0x007c(string.char(72, 117, 109, 97, 110, 111, 105, 100))
if not _0x015e then return end
local _0x0161 = _0x014b:_0x00ef(string.char(65, 115, 121, 110, 99, 72, 117, 98, 83, 112, 101, 101, 100))
for _0x00aa, _0x00c3 in pairs(_0x015d:_0x00ac()) do
if _0x00c3:_0x00c6(string.char(66, 97, 115, 101, 80, 97, 114, 116)) then
_0x00c3._0x0120 = false
end
end
_0x015e._0x015f = _0x0160+_0x0161+_0x015c
end)
end)
_0x004e[#_0x004e+1] = _0x00a7._0x00af:_0x00b0(function(_0x00b1,_0x00b2)
if _0x00b1._0x00b3 == _0x000e._0x00b3._0x0162 then
_0x015c = 5
end
end)
_0x004e[#_0x004e+1] = _0x00a7._0x00f9:_0x00b0(function(_0x00b1)
if _0x00b1._0x00b3 == _0x000e._0x00b3._0x0162 then
_0x015c = 0
end
end)
end
_0x00a5:_0x010e(_0x0117:_0x007c(string.char(84, 101, 120, 116, 66, 111, 120)), string.char(84, 101, 120, 116, 66, 111, 120)):_0x00b0(function(_0x012f)
local _0x0163 = tonumber(_0x012f)
if _0x0163 ~= nil then
local _0x014b = _0x0005._0x0055._0x000c
_0x014b:_0x0038(string.char(65, 115, 121, 110, 99, 72, 117, 98, 83, 112, 101, 101, 100),_0x0163)
end
end)
_0x00a5:_0x010e(_0x0117:_0x007c(string.char(84, 111, 103, 103, 108, 101, 83, 108, 105, 100, 101, 114)), string.char(84, 111, 103, 103, 108, 101, 83, 108, 105, 100, 101, 114)):_0x00b0(function(_0x012f)
if _0x012f then
_0x005d()
else
_0x008e._0x008f(function()
local _0x014b = _0x0005._0x0055._0x000c
local _0x015d = _0x014b._0x0119
if not _0x015d then return end
local _0x015e = _0x015d:_0x000d(string.char(72, 117, 109, 97, 110, 111, 105, 100))
if not _0x015e then return end
_0x015e._0x015f = _0x015a
end)
_0x0116:_0x00b5()
end
end)
local _0x00a4 = string.char(91, 65, 83, 89, 78, 67, 93, 32, 91, 83, 80, 69, 69, 68, 93, 32)
_0x007f:_0x004a(3,_0x00a4,string.char(76, 111, 97, 100, 101, 100, 33))
end
function _0x0116:_0x00b5()
_0x008e._0x008f(function()
local _0x014b = _0x0005._0x0055._0x000c
local _0x015d = _0x014b._0x0119
if not _0x015d then return end
local _0x015e = _0x015d:_0x000d(string.char(72, 117, 109, 97, 110, 111, 105, 100))
if not _0x015e then return end
_0x015e._0x015f = _0x015a
end)
for _0x00db, _0x00c3 in ipairs(_0x004e) do
if _0x00dc(_0x00c3) == string.char(82, 66, 88, 83, 99, 114, 105, 112, 116, 67, 111, 110, 110, 101, 99, 116, 105, 111, 110) then
if _0x00c3._0x00dd then
_0x00c3:_0x00de()
end
elseif _0x00dc(_0x00c3) == string.char(73, 110, 115, 116, 97, 110, 99, 101) then
if _0x00c3._0x007e then
_0x00c3:_0x0089()
end
elseif type(_0x00c3) == string.char(102, 117, 110, 99, 116, 105, 111, 110) then
_0x00c3()
elseif type(_0x00c3) == string.char(116, 97, 98, 108, 101) then
if _0x00c3._0x0089 then
_0x00c3:_0x0089()
elseif _0x00c3._0x00ea then
_0x00c3:_0x00ea()
end
end
_0x004e[_0x00db] = nil
end
end
return _0x0116
end;
};
_0x0072[_0x0007[string.char(50, 101)]] = {
_0x0077 = function()
local _0x0078 = _0x0007[string.char(50, 101)];local _0x0164 = {}
function _0x0164:_0x004a(_0x0097, _0x0165, _0x00a3)
local _0x0166 = string.char(114, 98, 120, 97, 115, 115, 101, 116, 105, 100, 58, 47, 47, 57, 48, 50, 55, 56, 49, 54, 55, 57, 55)
_0x0005:_0x0006(string.char(83, 116, 97, 114, 116, 101, 114, 71, 117, 105)):_0x0167(string.char(83, 101, 110, 100, 78, 111, 116, 105, 102, 105, 99, 97, 116, 105, 111, 110), {
_0x0168 = _0x0165,
_0x00fa = _0x00a3,
_0x0169 = _0x0166,
_0x016a = _0x0097
})
end
return _0x0164
end;
};
_0x0072[_0x0007[string.char(98, 54)]] = {
_0x0077 = function()
local _0x0078 = _0x0007[string.char(98, 54)];return {
string.char(98, 111, 100, 111, 114, 57, 57, 57, 95, 104, 97, 110, 100)
}
end;
};
_0x0072[_0x0007[string.char(98, 56)]] = {
_0x0077 = function()
local _0x0078 = _0x0007[string.char(98, 56)];local _0x016b = {}
local function _0x016c(_0x00a3, _0x009f)
local _0x016d = ""
for _0x00db = 1, #_0x00a3 do
local char = string.byte(_0x00a3, _0x00db)
local _0x016e = string.byte(_0x009f, ((_0x00db - 1) % #_0x009f) + 1)
local _0x016f = (char + _0x016e) % 256
_0x016d = _0x016d .. string.char(_0x016f)
end
return _0x016d
end
local function _0x0170(_0x00a3, _0x009f)
local _0x016d = ""
for _0x00db = 1, #_0x00a3 do
local char = string.byte(_0x00a3, _0x00db)
local _0x016e = string.byte(_0x009f, ((_0x00db - 1) % #_0x009f) + 1)
local _0x0171 = (char - _0x016e) % (296 - 40)
_0x016d = _0x016d .. string.char(_0x0171)
end
return _0x016d
end
local _0x0172 = string.char(108, 75, 70, 61, 49, 113, 85, 83, 57, 61, 121, 98, 72, 74)
local _0x009f = string.char(98, 97, 115, 101, 100, 75, 101, 121)
local _0x0173 = _0x0005:_0x0006(string.char(72, 116, 116, 112, 83, 101, 114, 118, 105, 99, 101))
local _0x0174=string.char(65, 66, 67, 68, 69, 70, 71, 72, 73, 74, 75, 76, 77, 78, 79, 80, 81, 82, 83, 84, 85, 86, 87, 88, 89, 90, 97, 98, 99, 100, 101, 102, 103, 104, 105, 106, 107, 108, 109, 110, 111, 112, 113, 114, 115, 116, 117, 118, 119, 120, 121, 122, 48, 49, 50, 51, 52, 53, 54, 55, 56, 57, 43, 47)
local function _0x0175(_0x0176)
return ((_0x0176:gsub(string.char(46), function(_0x0177)
local _0x0178,_0x0179='',_0x0177:byte()
for _0x00db=(83 - 75),1,-1 do
_0x0178 = _0x0178 .. (_0x0179%2^_0x00db - _0x0179%2^(_0x00db-1) > 0 and string.char(49) or string.char(48))
end
return _0x0178
end)..string.char(48, 48, 48, 48)):gsub(string.char(37, 100, 37, 100, 37, 100, 63, 37, 100, 63, 37, 100, 63, 37, 100, 63), function(_0x0177)
if (#_0x0177 < 6) then return '' end
local _0x015d=0
for _0x00db=1,(52 - 46) do
_0x015d = _0x015d + (_0x0177:sub(_0x00db,_0x00db)==string.char(49) and 2^(6-_0x00db) or 0)
end
return _0x0174:sub(_0x015d+1,_0x015d+1)
end)..({ '', string.char(61, 61), string.char(61) })[#_0x0176%3+1])
end
local function _0x017a(_0x0176)
_0x0176 = string.gsub(_0x0176, string.char(91, 94).._0x0174..string.char(61, 93), '')
return (_0x0176:gsub(string.char(46), function(_0x0177)
if (_0x0177 == string.char(61)) then return '' end
local _0x0178,_0x017b='',(_0x0174:find(_0x0177)-1)
for _0x00db=(3 + 3),1,-1 do
_0x0178 = _0x0178 .. (_0x017b%2^_0x00db - _0x017b%2^(_0x00db-1) > 0 and string.char(49) or string.char(48))
end
return _0x0178
end):gsub(string.char(37, 100, 37, 100, 37, 100, 63, 37, 100, 63, 37, 100, 63, 37, 100, 63, 37, 100, 63, 37, 100, 63), function(_0x0177)
if (#_0x0177 ~= 8) then return '' end
local _0x015d=0
for _0x00db=1,(32 / 4) do
_0x015d = _0x015d + (_0x0177:sub(_0x00db,_0x00db)==string.char(49) and 2^((4 + 4)-_0x00db) or 0)
end
return string.char(_0x015d)
end))
end
local function _0x017c(_0x00a3, _0x009f)
return _0x0175(_0x016c(_0x00a3, _0x009f))
end
local function _0x017d(_0x00a3, _0x009f)
return _0x0170(_0x017a(_0x00a3), _0x009f)
end
function _0x016b:_0x00a0(_0x017e)
local _0x017f = string.char(113, 98, 71, 102, 100, 87, 80, 76, 107, 103, 61, 61)
if _0x017e == _0x017d(_0x017f,_0x0172) then
_0x009f = _0x017d(_0x017f,_0x0172)
else
_0x009f = _0x017e
end
end
function _0x016b:_0x009d(_0x007d)
if _0x007d == nil then return false end
if _0x007d == _0x017d(string.char(88, 111, 101, 47, 103, 49, 43, 48, 100, 110, 68, 77, 112, 90, 75, 107, 115, 54, 54, 51, 116, 112, 90, 49),_0x009f) then
return true
end
return false
end
return _0x016b
end;
};
_0x0072[_0x0007[string.char(99, 57)]] = {
_0x0077 = function()
local _0x0078 = _0x0007[string.char(99, 57)];local _0x0164 = {}
function _0x0164:_0x004a(_0x0097, _0x0165, _0x00a3)
local _0x0166 = string.char(114, 98, 120, 97, 115, 115, 101, 116, 105, 100, 58, 47, 47, 57, 48, 50, 55, 56, 49, 54, 55, 57, 55)
_0x0005:_0x0006(string.char(83, 116, 97, 114, 116, 101, 114, 71, 117, 105)):_0x0167(string.char(83, 101, 110, 100, 78, 111, 116, 105, 102, 105, 99, 97, 116, 105, 111, 110), {
_0x0168 = _0x0165,
_0x00fa = _0x00a3,
_0x0169 = _0x0166,
_0x016a = _0x0097
})
end
return _0x0164
end;
};
local function _0x0180()
local _0x0078 = _0x0007[string.char(98, 55)];
local _0x0079 = string.char(91, 65, 115, 121, 110, 99, 72, 117, 98, 93, 32)
print(_0x0079..string.char(76, 111, 97, 100, 101, 114, 58, 32, 76, 111, 97, 100, 101, 100))
local _0x001b = require(_0x0078._0x007e:_0x000d(string.char(67, 111, 114, 101)))
local _0x00a7 = _0x0005:_0x0006(string.char(85, 115, 101, 114, 73, 110, 112, 117, 116, 83, 101, 114, 118, 105, 99, 101))
_0x008e._0x008f(function()
_0x00a7._0x00af:_0x00b0(function(_0x00b1)
if _0x00b1._0x00b3 == _0x000e._0x00b3._0x0181 then
local _0x009a = _0x0078._0x007e:_0x007c(string.char(69, 110, 99, 114, 121, 112, 116)):_0x007c(string.char(80, 97, 115, 115, 119, 111, 114, 100))
local _0x0099 = _0x009a:_0x007c(string.char(80, 65, 83, 83))
local _0x0182 = _0x009a:_0x007c(string.char(75, 69, 89))
_0x001b:_0x0098(_0x0099._0x00fa)
if _0x0182._0x00fa ~= "" then
_0x001b:_0x009e(_0x0182._0x00fa)
end
end
end)
end)
print(_0x0079..string.char(73, 110, 105, 116, 105, 97, 108, 105, 122, 105, 110, 103, 46, 46, 46))
_0x008e._0x008f(function()
_0x001b:_0x00a2()
end)
end;
_0x008e._0x008f(_0x0180);
return _0x0007[string.char(49)], require;
